ruta_relativa,carpeta_principal,nombre,extension,codigo_inferido,revision_inferida,estado_inferido,tamano_bytes,fecha_modificacion,sha256
CKD FIAT/En vigor/CKDIRH-001_1_Matriz_de_polivpolic__B_30-7-2019 (1).xls,CKD FIAT,CKDIRH-001_1_Matriz_de_polivpolic__B_30-7-2019 (1).xls,xls,CKDIRH-001,B,Vigente/por validar,183296,2025-08-05T15:39:09,451444fa7561f34f14308ed9011184d0473592073a6b3d538aef9354782e8ec8
CKD FIAT/En vigor/Certificados de Balanza/2025/Certificado de Calibracion.pdf,CKD FIAT,Certificado de Calibracion.pdf,pdf,CERTIFIC,,Vigente/por validar,524659,2025-10-24T10:48:33,1008ed266419333c1932853e50b596539ab927aff0a2c8c3a0c13cfaf9df36d1
CKD FIAT/En vigor/Certificados de Balanza/2025/Mediciones de masa (2).pdf,CKD FIAT,Mediciones de masa (2).pdf,pdf,MEDICION,,Vigente/por validar,574829,2025-10-24T10:48:32,73ac7562ac4d62c756f88160c78ae1a5643926ff53f91b9e18ad864e6fbc86c7
CKD FIAT/En vigor/Certificados de Balanza/2025/Thumbs.db,CKD FIAT,Thumbs.db,db,THUMBS,,Vigente/por validar,12800,2025-11-18T10:14:22,6983438e20fb89d10739f71837b258e294deeca3dc86e0fbd64d22d372c0eda1
CKD FIAT/En vigor/MP-CKDF-01_Mapa_de_procesos (1).xlsx,CKD FIAT,MP-CKDF-01_Mapa_de_procesos (1).xlsx,xlsx,MP-CKDF-01,,Vigente/por validar,49732,2025-08-05T15:39:09,f06575be190d7c8bd3714b8d485d1f3ba4b10a7db400d3d667e7926d023b6805
CKD FIAT/En vigor/Organigrama_CKD_FIAT (1).pdf,CKD FIAT,Organigrama_CKD_FIAT (1).pdf,pdf,ORGANIGR,,Vigente/por validar,47010,2025-08-05T15:39:09,d2de1008489d07a1124be68f05be68ad20555c53743b81602be65dd67404999e
CKD FIAT/En vigor/PO-58.1_Planilla_Despacho_PMS_C(1) (1).xls,CKD FIAT,PO-58.1_Planilla_Despacho_PMS_C(1) (1).xls,xls,PO-58.1,C,Vigente/por validar,94208,2025-08-05T15:39:07,78308ce77e0c1552752d45d409fb0053f099b4a4cd45f9c7505da808d8213d2b
CKD FIAT/En vigor/PO-58.2_Planilla_Control_de_Contenedores_C(1).xlsx,CKD FIAT,PO-58.2_Planilla_Control_de_Contenedores_C(1).xlsx,xlsx,PO-58.2,C,Vigente/por validar,45917,2025-08-05T15:39:14,baca6ce0fcd13e578e60a08bf36941869d62fec46cede787ec0b56ec132ca826
CKD FIAT/En vigor/PO-58.3_Chequeo_De_Carga_C(1) (1).xls,CKD FIAT,PO-58.3_Chequeo_De_Carga_C(1) (1).xls,xls,PO-58.3,C,Vigente/por validar,35328,2025-08-05T15:39:07,8db66ae9d3fd10f99ca28283802ce4cd98f22f30bd4473aba3436513fea089fe
CKD FIAT/En vigor/PO-58.4_Lay-Out_de_Carga_C(1) (1).xls,CKD FIAT,PO-58.4_Lay-Out_de_Carga_C(1) (1).xls,xls,PO-58.4,C,Vigente/por validar,34304,2025-08-05T15:39:06,16e02587a37eb2e9c168e7f632129dd1f440374653df3c9ea0689544b21dd9ed
CKD FIAT/En vigor/PO-58.5_Carátula_Packing_de_Carga_C (1).docx,CKD FIAT,PO-58.5_Carátula_Packing_de_Carga_C (1).docx,docx,PO-58.5,C,Vigente/por validar,37146,2025-08-05T15:39:10,4bb6ca04a56ebfb0a6d7fa2ccd9c95dec0906c129e4f8ff2625abfc4a895eec5
CKD FIAT/En vigor/PO-58.6_Packing_List_Manual_C(2) (1).xls,CKD FIAT,PO-58.6_Packing_List_Manual_C(2) (1).xls,xls,PO-58.6,C,Vigente/por validar,207360,2025-08-05T15:39:09,83f0e4c550aa1ff574d90633d6e462777d7c84a3e286ba280af18a727822ffa0
CKD FIAT/En vigor/PO-58_Armado_de_carga_y_data_entry_CKD_Fiat_E (1).pdf,CKD FIAT,PO-58_Armado_de_carga_y_data_entry_CKD_Fiat_E (1).pdf,pdf,PO-58,Y,Vigente/por validar,1963852,2025-08-05T15:39:14,e099602b618e60307aba00a1fc25017ba17e7e4f575542f1085aafb5c3316881
CKD FIAT/En vigor/PO-59.1_Planilla_de_pre-cocinado_A(2).xls,CKD FIAT,PO-59.1_Planilla_de_pre-cocinado_A(2).xls,xls,PO-59.1,A,Vigente/por validar,40448,2025-08-05T15:39:05,f83d65374541e75044466738d53aaa17995374ddae91167013ee4d4750d685a9
CKD FIAT/En vigor/PO-59.2_Planilla_de_producción_pzs_chicas(2).xls,CKD FIAT,PO-59.2_Planilla_de_producción_pzs_chicas(2).xls,xls,PO-59.2,,Vigente/por validar,62976,2025-08-05T15:39:08,07657df4d7ed42c945cc1f608cc5513af0d6cd805e7a784decd8f83d3964776a
CKD FIAT/En vigor/PO-59_Cocinado_CKD_Fiat_E.doc,CKD FIAT,PO-59_Cocinado_CKD_Fiat_E.doc,doc,PO-59,E,Vigente/por validar,1171456,2025-08-05T15:39:15,71b106062c75df426e4fae124ac7a93b6511534db7478c5c19bc48a900e5ad5d
CKD FIAT/En vigor/PO-60_Despacho_de_pedidos_especiales_CKD_Fiat_D.doc,CKD FIAT,PO-60_Despacho_de_pedidos_especiales_CKD_Fiat_D.doc,doc,PO-60,D,Vigente/por validar,160768,2025-08-05T15:39:08,ef38e523e91116f3c7e02ede2b34375773cd103ed54e2f84e0ce4782a2d47f68
CKD FIAT/En vigor/PO-61.1_Calculo_del_programa_de_piezas_CKD_A(2).xlsx,CKD FIAT,PO-61.1_Calculo_del_programa_de_piezas_CKD_A(2).xlsx,xlsx,PO-61.1,A,Vigente/por validar,36686,2025-08-05T15:39:07,3181c0493387c21a394b0d7bbe3c9cb07645884a399af24e991cbfd805a34603
CKD FIAT/En vigor/PO-61.2_Estructura_del_personal_A(1).xlsx,CKD FIAT,PO-61.2_Estructura_del_personal_A(1).xlsx,xlsx,PO-61.2,A,Vigente/por validar,84753,2025-08-05T15:39:10,3f157203cb1b2c3c4a223a5d92ea7de26ea23137dae7cdf69c2ae9f0c292d8e6
CKD FIAT/En vigor/PO-61.3_Programa_de_entregas_semanal_CKD_A(1).xlsx,CKD FIAT,PO-61.3_Programa_de_entregas_semanal_CKD_A(1).xlsx,xlsx,PO-61.3,A,Vigente/por validar,31263,2025-08-05T15:39:05,9694a33ba24febd07ac44a048cfa0a7a27f6e4d55220501b411ea1866dc0e2b9
CKD FIAT/En vigor/PO-61.4_Programa_de_entregas_mensual_CKD_A(1).xlsx,CKD FIAT,PO-61.4_Programa_de_entregas_mensual_CKD_A(1).xlsx,xlsx,PO-61.4,A,Vigente/por validar,30626,2025-08-05T15:39:05,1b84c882404719fd2956e9b051cdc9178c8954c35f6001a14fe163e4772c1a84
CKD FIAT/En vigor/PO-61_Planificacion_y_control_de_la_produccion_CKD_Fiat_E.doc,CKD FIAT,PO-61_Planificacion_y_control_de_la_produccion_CKD_Fiat_E.doc,doc,PO-61,Y,Vigente/por validar,152064,2025-08-05T15:39:09,99468643e8e0d5ee3c4eddba92751988c01d3123e54cfaf8d7caea60df38fded
CKD FIAT/En vigor/PO-62.1_Plan_de_Control_recepcion_A(2).xls,CKD FIAT,PO-62.1_Plan_de_Control_recepcion_A(2).xls,xls,PO-62.1,A,Vigente/por validar,69632,2025-08-05T15:39:03,05abd040f7a1f96331b9b1fda80c098531cb3aa7bb24e36cc090ef4937880373
CKD FIAT/En vigor/PO-62.2_Control_madera_A(2).xlsx,CKD FIAT,PO-62.2_Control_madera_A(2).xlsx,xlsx,PO-62.2,A,Vigente/por validar,62683,2025-08-05T15:39:14,829604adfeaf84fc3310d41e3d6e5f703299c0aad8e035b6cff19ea4f5f79add
CKD FIAT/En vigor/PO-62.3_Recepcion_de_materiales_criticos_A(2).xls,CKD FIAT,PO-62.3_Recepcion_de_materiales_criticos_A(2).xls,xls,PO-62.3,A,Vigente/por validar,54272,2025-08-05T15:38:58,695f08ba5dfe39678309c69eb1525be0f6da9e534ae245262a89a4856a20d4f6
CKD FIAT/En vigor/PO-62_Recepcion_de_materiales_CKD_Fiat_E.doc,CKD FIAT,PO-62_Recepcion_de_materiales_CKD_Fiat_E.doc,doc,PO-62,E,Vigente/por validar,127488,2025-08-05T15:39:08,013005cb76c87588b2c1be3876cfa7dd52d4dbb1e014b3ff33084c81ba03c82d
CKD FIAT/En vigor/PO-63.1_Hoja_de_proceso_Pzs_chicas_A(2).xlsx,CKD FIAT,PO-63.1_Hoja_de_proceso_Pzs_chicas_A(2).xlsx,xlsx,PO-63.1,A,Vigente/por validar,991676,2025-08-05T15:39:05,a0016c6079574dc7b0daf0563350f2365e23f640b7fd7a57b4b6984c543207ec
CKD FIAT/En vigor/PO-63.2_Hoja_de_proceso_Pzs_Grandes_A(2).xlsx,CKD FIAT,PO-63.2_Hoja_de_proceso_Pzs_Grandes_A(2).xlsx,xlsx,PO-63.2,A,Vigente/por validar,529416,2025-08-05T15:38:58,54b2d1b62ce7ad07f487fef57d97aaf31963e8866cc1ada53d40cfc1e7f26a67
CKD FIAT/En vigor/PO-63.3_Hoja_de_proceso_Pzs_Venezuela_A(1).xlsx,CKD FIAT,PO-63.3_Hoja_de_proceso_Pzs_Venezuela_A(1).xlsx,xlsx,PO-63.3,A,Vigente/por validar,766255,2025-08-05T15:39:06,db089c870aa8afbc191af97bfab25c4a6db5ea780066d03dcf922b7743b0638f
CKD FIAT/En vigor/PO-63.4_Hoja_de_proceso_Cajas_Fiat_A(2).xlsx,CKD FIAT,PO-63.4_Hoja_de_proceso_Cajas_Fiat_A(2).xlsx,xlsx,PO-63.4,A,Vigente/por validar,2247223,2025-08-05T15:39:13,7559023ec3ee448b2c71cec4b2a656dd1cba507d0b270551bcf3eac1ae0b1af8
CKD FIAT/En vigor/PO-63.5_Hoja_de_Proceso_Cajas_PSA_A(2).xls,CKD FIAT,PO-63.5_Hoja_de_Proceso_Cajas_PSA_A(2).xls,xls,PO-63.5,A,Vigente/por validar,1579008,2025-08-05T15:39:01,95d3fd82d5ce423fd5f163b4d1714521e1e3f226865efeeffb2f454cb5615268
CKD FIAT/En vigor/PO-63.6_Registro_control_de_produccion_A(2).xls,CKD FIAT,PO-63.6_Registro_control_de_produccion_A(2).xls,xls,PO-63.6,A,Vigente/por validar,354816,2025-08-05T15:38:57,02b7872075c5e97c5afbfb3adf718e50118f6ace99c258e45900c5369a61d8d1
CKD FIAT/En vigor/PO-63_Armado_de_embalajes_CKD_Fiat_F.docx,CKD FIAT,PO-63_Armado_de_embalajes_CKD_Fiat_F.docx,docx,PO-63,F,Vigente/por validar,1484999,2025-08-05T15:39:02,9e0ef8ee744b75eef37cc7f130db995f6660976e053ec575048eacb334c6a9ad
CKD FIAT/En vigor/PO-64.1_Tarjeta_de_descuentos_A(2).xlsx,CKD FIAT,PO-64.1_Tarjeta_de_descuentos_A(2).xlsx,xlsx,PO-64.1,A,Vigente/por validar,260049,2025-08-05T15:38:56,b09b0ae70d05b33bbe9c21da53d7db53c970666888ceebe87fbde76d6cdccc49
CKD FIAT/En vigor/PO-64.2_Material_en_proceso_A(1).xlsx,CKD FIAT,PO-64.2_Material_en_proceso_A(1).xlsx,xlsx,PO-64.2,A,Vigente/por validar,44091,2025-08-05T15:38:55,0f4df11cf7de04b02946ae00677897bfd9c91c30d5ffa94dde93292782616b34
CKD FIAT/En vigor/PO-64.3_Rotulo_provisorio_piezas_chicas_A(1).xlsx,CKD FIAT,PO-64.3_Rotulo_provisorio_piezas_chicas_A(1).xlsx,xlsx,PO-64.3,A,Vigente/por validar,47510,2025-08-05T15:38:59,34bcf96483a92ae39dc54deefc85bae514e06cb32b8eeeadccee61ae72d4b844
CKD FIAT/En vigor/PO-64.4_Rotulo_provisorio_piezas_grandes_A(2).xls,CKD FIAT,PO-64.4_Rotulo_provisorio_piezas_grandes_A(2).xls,xls,PO-64.4,A,Vigente/por validar,56320,2025-08-05T15:38:55,1490f847627c59a9cd9b97df905c55d2ac24488aca700f8ff2229849cad7fc16
CKD FIAT/En vigor/PO-64_Identificacion_CKD_D.docx,CKD FIAT,PO-64_Identificacion_CKD_D.docx,docx,PO-64,D,Vigente/por validar,100603,2025-08-05T15:38:56,2f4ffe5b4c4571aaa81582803daca13a212a445bbc866e1bfe7a8ee1ca1c7a20
CKD FIAT/En vigor/PO-90.1_Control_de_Carga_Expedición_Única(3).xlsx,CKD FIAT,PO-90.1_Control_de_Carga_Expedición_Única(3).xlsx,xlsx,PO-90.1,,Vigente/por validar,23808,2025-08-05T15:38:55,9f82551cd0ae8e0b0103debbebc53a7bdbc6b0c5db4c927e62a9be8e94e0cbe6
CKD FIAT/En vigor/PO-90_Expedición_Única_C.pdf,CKD FIAT,PO-90_Expedición_Única_C.pdf,pdf,PO-90,C,Vigente/por validar,348950,2025-08-05T15:38:56,9abfa7220bbe25bee17ade4912c8923bf83599efbc214c0dc25d1995b74ee88a
CKD FIAT/Politica.Calidad (4).pdf,CKD FIAT,Politica.Calidad (4).pdf,pdf,POLITICA,,Vigente/por validar,92930,2022-11-10T14:20:06,04fd5c40294b46220e771f4b7733e5a73d6acdb0a328afba451bbea368243293
CKD FIAT/Thumbs.db,CKD FIAT,Thumbs.db,db,THUMBS,,Vigente/por validar,13824,2025-11-04T13:36:10,089b2f9e85996f00a0d2c4e10e0bb313e03e6989d16d9cee420baa947a352a86
Calidad/Auditorias internas 2025/Copia de F331 S1 2024  DADA SA DIVISIÓN LOGÍSTICA.XLSX,Calidad,Copia de F331 S1 2024  DADA SA DIVISIÓN LOGÍSTICA.XLSX,xlsx,COPIA,,Vigente/por validar,23809,2025-10-23T13:10:03,08168eb549590719b27bc3868179966c08d9fe5dba79cd47543813056a99248a
Calidad/Auditorias internas 2025/FG-03 Plan de accion 2025.xls,Calidad,FG-03 Plan de accion 2025.xls,xls,FG-03,,Vigente/por validar,125952,2026-01-08T11:41:11,42977db72f38e908283ca79b2043c0fddac3bf08f44beea3937c56cb93d2b3ab
Calidad/Auditorias internas 2025/FG-05 Plan anual de Auditoria 2025 ISO.xlsx,Calidad,FG-05 Plan anual de Auditoria 2025 ISO.xlsx,xlsx,FG-05,,Vigente/por validar,154301,2025-10-23T13:06:49,ae4a98725db1a3e842422161feeb169c284a1722acd0390b042f950a8f65be83
Calidad/Auditorias internas 2025/FG-09 Informe de Auditoria Interna CKD.xlsx,Calidad,FG-09 Informe de Auditoria Interna CKD.xlsx,xlsx,FG-09,,Vigente/por validar,50548,2025-07-10T08:43:54,2fd60aafc00eb8e874fdcc00b663ddb3f61f01b788c25c347e1a9e76bdd49882
Calidad/Auditorias internas 2025/FG-09 Informe de Auditoria Interna COMPRAS.xlsx,Calidad,FG-09 Informe de Auditoria Interna COMPRAS.xlsx,xlsx,FG-09,,Vigente/por validar,49385,2025-07-07T09:27:13,15d497babe45b1d4602bca36a093a109a6c472c41788738aa131939c21bec689
Calidad/Auditorias internas 2025/FG-09 Informe de Auditoria Interna CONTRATACIONES.xlsx,Calidad,FG-09 Informe de Auditoria Interna CONTRATACIONES.xlsx,xlsx,FG-09,,Vigente/por validar,48378,2025-07-07T10:06:46,d1d3233769fcfec135862aad83991eb282d819f7b5eecc888ad90e84c116dcfa
Calidad/Auditorias internas 2025/FG-09 Informe de Auditoria Interna PAragolpes.xlsx,Calidad,FG-09 Informe de Auditoria Interna PAragolpes.xlsx,xlsx,FG-09,,Vigente/por validar,49934,2025-07-10T08:39:23,d516e26b8d786088f476443216dbcb3882c98ace2f9585d675eadc2ad15e5d6d
Calidad/Auditorias internas 2025/FG-09 Informe de Auditoria Interna RRHH.xlsx,Calidad,FG-09 Informe de Auditoria Interna RRHH.xlsx,xlsx,FG-09,,Vigente/por validar,47767,2025-10-23T19:37:02,b8a3b89c08c4d03e35045a095a4a3109bfa5643637abcaea1e61af89fc55388f
Calidad/Auditorias internas 2025/FG-09 Informe de Auditoria Interna RUEDAS .xlsx,Calidad,FG-09 Informe de Auditoria Interna RUEDAS .xlsx,xlsx,FG-09,,Vigente/por validar,51203,2025-07-10T08:36:41,7a0afa2570dc69b1d0a6e12af2adf97b5697abb8e0d639355cfac46261eafa53
Calidad/Auditorias internas 2025/FG-09 Informe de Auditoria Interna sistemas.xlsx,Calidad,FG-09 Informe de Auditoria Interna sistemas.xlsx,xlsx,FG-09,,Vigente/por validar,48302,2025-07-04T15:48:14,adf359dcbc1e9f5a3506fabf5320df2e74825095b74ed576c0a7abc8f55fa5c1
Calidad/Auditorias internas 2025/FG-09 Informe de Auditoria Interna trafico.xlsx,Calidad,FG-09 Informe de Auditoria Interna trafico.xlsx,xlsx,FG-09,,Vigente/por validar,50366,2025-07-08T14:30:31,3da03f7994baf4eaa3edca57a44d41656adfe5bb5a1164fb56b032e517d65a71
Calidad/Auditorias internas 2025/FG-09 Informe de Auditoria Interna trafico2.xlsx,Calidad,FG-09 Informe de Auditoria Interna trafico2.xlsx,xlsx,FG-09,,Vigente/por validar,48228,2025-06-30T13:02:39,af948463d47e868104c98cd4b431caa6da0189d04d177213efe64e547c9c1564
Calidad/Auditorias internas 2025/FG-09 Informe de Auditoria Interna ventas- Proyectos.xlsx,Calidad,FG-09 Informe de Auditoria Interna ventas- Proyectos.xlsx,xlsx,FG-09,,Vigente/por validar,48555,2025-10-23T19:33:39,f1d7d936add9a7aa73cdfd1b8511908b3c965600e2b51b0875c76ac2c67c157e
Calidad/Auditorias internas 2025/FG-09 Informe de Auditoria InternaCalidad.xlsx,Calidad,FG-09 Informe de Auditoria InternaCalidad.xlsx,xlsx,FG-09,,Vigente/por validar,49005,2025-10-23T12:01:22,d36bf6ef0b12cfe184b3a5db2ffc946081964fc6b1e4518d731ea23053c0263b
Calidad/Registros/FG-06 B. Matriz_de_objetivos_completada.xlsx,Calidad,FG-06 B. Matriz_de_objetivos_completada.xlsx,xlsx,FG-06,B,Vigente/por validar,1120706,2025-10-24T08:42:37,1476401f10ff7e713eaaa39ec68affc8dc2c5db0fa08c9e29cb1415177bbc781
Calidad/Registros/RD-001  Revision por la Dirección 2025.docx,Calidad,RD-001  Revision por la Dirección 2025.docx,docx,RD-001,,Vigente/por validar,43995,2025-10-23T20:01:46,88fee31c56c8ee999c18e1341746cfc95b007f7597542c8111a0a954ef5d561d
Calidad/Registros/~$FG-06 B. Matriz_de_objetivos_completada.xlsx,Calidad,~$FG-06 B. Matriz_de_objetivos_completada.xlsx,xlsx,,B,Vigente/por validar,165,2026-01-08T11:45:51,a56509277035f865d54f697560634f21da3e36da0c983cc6f72ebb79ec3b73eb
Calidad/Riesgos/FO-03-A._Analisis_riesgo RUEDAS almacen.xlsx,Calidad,FO-03-A._Analisis_riesgo RUEDAS almacen.xlsx,xlsx,FO-03,A,Vigente/por validar,36038,2024-11-13T10:11:22,95277257e06575d5c7197ae3cf6b9719bd3c6f5213be76e7726bac119a63d6c5
Calidad/Riesgos/FO-03-A._Analisis_riesgo RUEDAS recepcionn.xlsx,Calidad,FO-03-A._Analisis_riesgo RUEDAS recepcionn.xlsx,xlsx,FO-03,A,Vigente/por validar,36129,2024-11-13T09:56:20,0f29011a15688d2a8c782ecb2c39a78987c9f2369d4ae5e3af9e059da10fec3c
Calidad/Riesgos/FO-03-A._Analisis_riesgo_CKDFIAT.xlsx,Calidad,FO-03-A._Analisis_riesgo_CKDFIAT.xlsx,xlsx,FO-03,A,Vigente/por validar,36975,2025-10-24T11:18:55,70421d20c98054d678acb1569fcd973a7b67f48f88a1461cebf6881963e58603
Calidad/Riesgos/FO-03-A._Analisis_riesgo_Paragolpes.xlsx,Calidad,FO-03-A._Analisis_riesgo_Paragolpes.xlsx,xlsx,FO-03,A,Vigente/por validar,37452,2023-11-17T11:29:41,169a480b93b809ea2c08b0bd75b3d05bdc6795bcb480a71a699f70a73cba8012
Calidad/Riesgos/FO-03-A._Analisis_riesgo_Trafico(1).xlsx,Calidad,FO-03-A._Analisis_riesgo_Trafico(1).xlsx,xlsx,FO-03,A,Vigente/por validar,36372,2025-08-05T15:57:34,89aab07e6e92fd8bb9b38962c80c2e2613ed43b45337be277fd33b222ca9a5d3
Calidad/Riesgos/FO-03-C-_Analisis_riesgo_Calidad.xlsx,Calidad,FO-03-C-_Analisis_riesgo_Calidad.xlsx,xlsx,FO-03,C,Vigente/por validar,39174,2023-11-02T09:58:04,03d0b006f16f1ad4ff881c593e775b7dae3346df0df0a78af6ed2fa37e8e7ad3
Calidad/Riesgos/FO-03-C-_Analisis_riesgo_RRHH(1).xlsx,Calidad,FO-03-C-_Analisis_riesgo_RRHH(1).xlsx,xlsx,FO-03,C,Vigente/por validar,38698,2024-12-12T10:34:41,107f4d3423c54b1465dee3ffb8660ea2815dfe48ab3dff8f8226de2f2bb97fb2
Calidad/Riesgos/FO-03-C-_Analisis_riesgo_Ventas.xlsx,Calidad,FO-03-C-_Analisis_riesgo_Ventas.xlsx,xlsx,FO-03,C,Vigente/por validar,37528,2024-12-12T10:35:09,23c5286667a0d5c14756ce734ea6a795714c7563ff97d0ebc020caaaed383090
Comercial/En Vigor/ICO-P-SG-03_Revision_de_contrato K.doc,Comercial,ICO-P-SG-03_Revision_de_contrato K.doc,doc,ICO-P,P,Vigente/por validar,147456,2025-10-21T13:06:54,f728f11cd22454a0e6f3baaf02cb59598629e2fc8ac034db1ad5a469e9599f81
Comercial/En Vigor/MP-VT-01_Mapa_de_procesos(1).xlsx,Comercial,MP-VT-01_Mapa_de_procesos(1).xlsx,xlsx,MP-VT-01,,Vigente/por validar,47906,2025-08-05T15:45:38,f14a88666b421b3ca6da9284c8530b3825115b794554f2c37dd04a8d2cf4397f
Comercial/En Vigor/Modelo_Project_Approval_v13.xlsx,Comercial,Modelo_Project_Approval_v13.xlsx,xlsx,MODELO,,Vigente/por validar,1509861,2025-08-05T15:45:42,0f8560c5fba7044db9a0adf3b6277d516f64ba9d6bdc4356570bdb35efa1b99a
Comercial/En Vigor/P-SG-03.1_Análisis_de_Factibilidad_y_riesgo_de_proyectos_D.xlsx,Comercial,P-SG-03.1_Análisis_de_Factibilidad_y_riesgo_de_proyectos_D.xlsx,xlsx,P-SG-03,P,Vigente/por validar,55976,2025-08-05T15:45:40,505faabe10d0c0e221669f39ae7157600b50c94d97cdcf511a29a48f75b38e4c
Comercial/En Vigor/P-SG-03.2_Propuesta_Comercial_B.docx,Comercial,P-SG-03.2_Propuesta_Comercial_B.docx,docx,P-SG-03,P,Vigente/por validar,644785,2025-10-21T13:06:57,925be88bf4c3557e87497fd3572293568eacc17662021a85fb7265d4c0408fb1
Comercial/En Vigor/~$O-P-SG-03_Revision_de_contrato K.doc,Comercial,~$O-P-SG-03_Revision_de_contrato K.doc,doc,,P,Vigente/por validar,162,2026-01-19T11:04:14,3b4947cb41ea7621ca84a7734193f9de489bb5043fa3bcbdc78370549f4e542e
Comercial/Obsoleto/ICO-P-SG-03_Revision_de_contrato_J.doc,Comercial,ICO-P-SG-03_Revision_de_contrato_J.doc,doc,ICO-P,P,Obsoleto,145920,2025-08-05T15:45:38,653736a185604eb765f48eade8c58d09be417f65f7016577c4a066c866364840
Comercial/Obsoleto/P-SG-03.2_Propuesta_Comercial_A.docx,Comercial,P-SG-03.2_Propuesta_Comercial_A.docx,docx,P-SG-03,P,Obsoleto,691048,2025-08-05T15:45:39,279211f7b3d01600fea18069a24e32e73a815e67fa846474500afc69195b3572
Comercial/Obsoleto/P-SG-03.3_Análisis_de_costo_A.xlsx,Comercial,P-SG-03.3_Análisis_de_costo_A.xlsx,xlsx,P-SG-03,P,Obsoleto,183840,2025-08-05T15:45:39,6e50e9945e42a458616fb2d50ee5cdcd7a9623cf306815d40b2e875b575a7349
Comercial/Obsoleto/P-SG-03.4_Breakdown_de_Costos_Ruedas-CKD_B.xls,Comercial,P-SG-03.4_Breakdown_de_Costos_Ruedas-CKD_B.xls,xls,P-SG-03,P,Obsoleto,198144,2025-08-05T15:45:39,a4e480cd384c675e34378fbbba5ecb84ba36754c6004adaa2c94105da4321e57
Comercial/Politica.Calidad (4).pdf,Comercial,Politica.Calidad (4).pdf,pdf,POLITICA,,Vigente/por validar,92930,2022-11-10T14:20:06,04fd5c40294b46220e771f4b7733e5a73d6acdb0a328afba451bbea368243293
Comercial/Thumbs.db,Comercial,Thumbs.db,db,THUMBS,,Vigente/por validar,14848,2025-11-18T11:16:11,12f4fe3d8446972339607a838e3b95accbea417bcef038a348b1d8a1e6e95320
Compras DADA/En Vigor/A-ICO-001.1_Lineamientos_generales_de_compras_productivas_H.doc,Compras DADA,A-ICO-001.1_Lineamientos_generales_de_compras_productivas_H.doc,doc,A-ICO-001,A,Vigente/por validar,135680,2025-08-05T15:46:59,dc58517998a1b48a0ffdba99093f56427552652450fa96297afebcc53c9b81dd
Compras DADA/En Vigor/A-ICO-003._Evaluacion_de_proveedor_Criticos_B_(2).xls,Compras DADA,A-ICO-003._Evaluacion_de_proveedor_Criticos_B_(2).xls,xls,A-ICO-003,A,Vigente/por validar,119808,2025-08-05T15:46:56,3d69fe8de205b3afae9523ce92ef47044ea717d223568de40840830c42cea8e9
Compras DADA/En Vigor/A-ICO-004._Evaluacion_de_proveedor_por_lanzamiento_de_proyecto_A(1).xls,Compras DADA,A-ICO-004._Evaluacion_de_proveedor_por_lanzamiento_de_proyecto_A(1).xls,xls,A-ICO-004,A,Vigente/por validar,171520,2025-08-05T15:47:00,4a03d9e39fd74ce182b97afa4750bd140e5a2243c047faea6ccd817ad6c6872b
Compras DADA/En Vigor/A-ICO-006.2_Índice_de_Calidad_de_Proveedores-_IQP_A(1).xls,Compras DADA,A-ICO-006.2_Índice_de_Calidad_de_Proveedores-_IQP_A(1).xls,xls,A-ICO-006,A,Vigente/por validar,64000,2025-08-05T15:46:56,b2b3ff0b7233d7a29ddf9a0ecc6195ecbf050fb405fdc92ecacca8345532ba7f
Compras DADA/En Vigor/A-ICO-007._Evaluacion_de_transportes_A.xls,Compras DADA,A-ICO-007._Evaluacion_de_transportes_A.xls,xls,A-ICO-007,A,Vigente/por validar,116224,2025-08-05T15:47:00,1d28d95645559452154da2394c345f84c8e3b20879e2fa12e730891fc0498ed6
Compras DADA/En Vigor/A-ICO-008._Evaluación_de_proveedores_A.xls,Compras DADA,A-ICO-008._Evaluación_de_proveedores_A.xls,xls,A-ICO-008,A,Vigente/por validar,83456,2025-08-05T15:46:57,976f60325d336161fc26bf778ac9eff2909d60f1be7ba668b736c6d4c37747f9
Compras DADA/En Vigor/FR-Requisición_Interna_de_Compra-rev00.xls,Compras DADA,FR-Requisición_Interna_de_Compra-rev00.xls,xls,FR-REQUISIC,00,Vigente/por validar,108032,2025-08-05T15:46:58,ee3d2ae64edd0d956e39c7baa27830d7e3f3f04e72bf18e3ebc59f428b00a5c2
Compras DADA/En Vigor/FR_-_Planilla_de_control_de_recepción_-_rev00.xls,Compras DADA,FR_-_Planilla_de_control_de_recepción_-_rev00.xls,xls,FR,00,Vigente/por validar,51712,2025-08-05T15:46:56,e0778615f84817242ef772b72524a2c5931cbdc3eedf01a248f4c8813a47f90a
Compras DADA/En Vigor/ICA-010.2_Checklist_Auditoria_de_Proceso_B.xls,Compras DADA,ICA-010.2_Checklist_Auditoria_de_Proceso_B.xls,xls,ICA-010.2,B,Vigente/por validar,72704,2025-08-05T15:46:57,5e9a7be5dfec7dd277e10bff902989021ab422b575f8eab96dc22ebe53ca398b
Compras DADA/En Vigor/ICA-010_D_Proceso_de_Sel.doc,Compras DADA,ICA-010_D_Proceso_de_Sel.doc,doc,ICA-010,D,Vigente/por validar,148992,2025-08-05T15:46:59,b67c0740d023d13f32be789ac8c86c7239d269257396490db06a0a166e946e67
Compras DADA/En Vigor/ICO-001_Compras_F(1).doc,Compras DADA,ICO-001_Compras_F(1).doc,doc,ICO-001,F,Vigente/por validar,162816,2025-08-05T15:46:58,0b8586df399cb12b07f4b0816ddd485091e7cdf19aca0e4c6babe63ee701059d
Compras DADA/En Vigor/ICO-002_C_Ingreso_al_panel_y_seleccion_de_proveedores.doc,Compras DADA,ICO-002_C_Ingreso_al_panel_y_seleccion_de_proveedores.doc,doc,ICO-002,C,Vigente/por validar,169472,2025-08-05T15:46:57,07135b1efca9af4c577f03901a7bec687693812d734ef0a065059351491349b8
Compras DADA/En Vigor/ICO-003_Confeccion_de_la_nota_de_pedido_B.doc,Compras DADA,ICO-003_Confeccion_de_la_nota_de_pedido_B.doc,doc,ICO-003,B,Vigente/por validar,130048,2025-08-05T15:46:59,0561e1690ed660000771f94a448eb461a1127983b14a7f4073b436c3313072ba
Compras DADA/En Vigor/ICO-004_E_Confeccion_de_solicitud.DOC,Compras DADA,ICO-004_E_Confeccion_de_solicitud.DOC,doc,ICO-004,E,Vigente/por validar,142848,2025-08-05T15:46:57,380a6e407b90d653c5f0a9e70f8deb84ba259f005bf7107e75db6957721ae71a
Compras DADA/En Vigor/ICO-005_G_Compras_no_productivas.doc,Compras DADA,ICO-005_G_Compras_no_productivas.doc,doc,ICO-005,G,Vigente/por validar,152576,2025-08-05T15:47:00,e17e619650c8851b631d18875bf3011a858a20f37e600cca342ce406f17e9d75
Compras DADA/En Vigor/ICO-006_D_Evaluaciones_de_la_performance_de_los_proveedores_productivos.DOC,Compras DADA,ICO-006_D_Evaluaciones_de_la_performance_de_los_proveedores_productivos.DOC,doc,ICO-006,D,Vigente/por validar,147968,2025-08-05T15:46:59,336725732111d9208b99a5d5fb41822cc125a27b748ca93d073d495df948913d
Compras DADA/En Vigor/Listado_Maestro_Inst._Compras_E.xls,Compras DADA,Listado_Maestro_Inst._Compras_E.xls,xls,LISTADO,E,Vigente/por validar,243712,2025-08-05T15:46:58,55c65912debbc2877a55b34d52959cc95b5e287d9eedef4a0ed21a7e5bb2d133
Compras DADA/En Vigor/MP-CO-01_Mapa_de_procesos.xlsx,Compras DADA,MP-CO-01_Mapa_de_procesos.xlsx,xlsx,MP-CO-01,,Vigente/por validar,47878,2025-08-05T15:46:58,9c494092d4f54bbdf87a7a6f7e812d25e1f7828131d75f68f23d93fdb57a9e6a
Compras DADA/Politica.Calidad (4).pdf,Compras DADA,Politica.Calidad (4).pdf,pdf,POLITICA,,Vigente/por validar,92930,2022-11-10T14:20:06,04fd5c40294b46220e771f4b7733e5a73d6acdb0a328afba451bbea368243293
FG-18.G_Maestro_de_Documentos_1).xlsx,(raíz),FG-18.G_Maestro_de_Documentos_1).xlsx,xlsx,FG-18,,Vigente/por validar,172713,2025-11-17T08:15:26,f373e644f2f1ca8987124b3d986535b0d1e3cca5524d30c3423bb76bfebce9cd
General/Auditoria/ISO_9001_2015(1).pdf,General,ISO_9001_2015(1).pdf,pdf,ISO,,Vigente/por validar,2494065,2025-08-05T15:48:06,487a9c3ccefc9f0207242daefaf8a4d319e14f62f76d32193c6a7c5d2d0fe5a8
General/Auditoria/Informe_de_Auditoria_Interna_2019-_ultima_2-_CKD.doc,General,Informe_de_Auditoria_Interna_2019-_ultima_2-_CKD.doc,doc,INFORME,,Vigente/por validar,72704,2025-08-05T15:47:38,821447034aa29431ed29b1e25294e82526afb84c66111eaf2fb582d603013588
General/Auditoria/Informe_de_Auditoria_Interna_2019-_ultima_CKD(1).doc,General,Informe_de_Auditoria_Interna_2019-_ultima_CKD(1).doc,doc,INFORME,,Vigente/por validar,355840,2025-08-05T15:47:35,b4ee5fd24dba2ca0b80b36ad35aa81e6b2145f7a7e56fb915bab7b68e492d177
General/Auditoria/Informe_de_Auditoria_Interna_2019-_ultima_CKD.doc,General,Informe_de_Auditoria_Interna_2019-_ultima_CKD.doc,doc,INFORME,,Vigente/por validar,355840,2025-08-05T15:47:38,b4ee5fd24dba2ca0b80b36ad35aa81e6b2145f7a7e56fb915bab7b68e492d177
General/Auditoria/Informe_de_Auditoria_Interna__CKD_Fiat.pdf,General,Informe_de_Auditoria_Interna__CKD_Fiat.pdf,pdf,INFORME,,Vigente/por validar,301033,2025-08-05T15:47:42,7520c1ce823b8457494f4b2f1444325fc9c9f90e67a0c448311258c547a67d0f
General/Auditoria/Plan_de_Acciones_CKD_Auditorias_2019(1).xlsx,General,Plan_de_Acciones_CKD_Auditorias_2019(1).xlsx,xlsx,PLAN,,Vigente/por validar,21539,2025-08-05T15:47:37,fe8b1881326119878b670a7402d240b9b198e14cb30f87d20dbb9dff57836e22
General/Auditoria/Plan_de_Acciones_CKD_Auditorias_2019.xlsx,General,Plan_de_Acciones_CKD_Auditorias_2019.xlsx,xlsx,PLAN,,Vigente/por validar,21539,2025-08-05T15:47:44,fe8b1881326119878b670a7402d240b9b198e14cb30f87d20dbb9dff57836e22
General/Auditoria/Thumbs.db,General,Thumbs.db,db,THUMBS,,Vigente/por validar,25088,2025-11-06T10:13:27,d144339e3499c01592295402f664a5914a2eef2eb831b022ad9b4b0ed2e9df7c
General/Certificados/Leonardo Castillo/Calificacion_de_auditores_Leonardo_Castillo.pdf,General,Calificacion_de_auditores_Leonardo_Castillo.pdf,pdf,CALIFICA,,Vigente/por validar,557549,2025-09-15T10:04:25,ccf5cd758090a53a3b2dd22800384c3346b62620511474539b6c2a6eca145114
General/Certificados/Leonardo Castillo/F-11_Responsable_Procesos_y_Calidad_operativa_D(1).doc,General,F-11_Responsable_Procesos_y_Calidad_operativa_D(1).doc,doc,F-11,F,Vigente/por validar,76800,2025-09-15T10:04:31,25027fcc19daef5f0d60b433551ebddefa7aaf0880c49a6b6ae368f7ed75c4d1
General/Certificados/Leonardo Castillo/FG-10_A._Calificacion_de_auditores.pdf,General,FG-10_A._Calificacion_de_auditores.pdf,pdf,FG-10,A,Vigente/por validar,190380,2025-11-04T13:38:00,80e301a9a4e18b64b0cd7dfc48cd7a5b463afe7af45e980bf25b8982782c1e57
General/Certificados/Leonardo Castillo/LEONARDO_ARIEL_CASTILLO(1).pdf,General,LEONARDO_ARIEL_CASTILLO(1).pdf,pdf,LEONARDO,,Vigente/por validar,673443,2025-09-15T10:04:27,91ecfb78b838421c721f7f70a5595454169262078987713d026ede3f92a896c6
General/Certificados/Leonardo Castillo/LEONARDO_ARIEL_CASTILLO_(1).pdf,General,LEONARDO_ARIEL_CASTILLO_(1).pdf,pdf,LEONARDO,,Vigente/por validar,673431,2025-09-15T10:04:29,347a62b977cbcc425db725625c63ee0597b7e2f0e66b37b958a6af5620d06b21
General/Certificados/Leonardo Castillo/LEONARDO_ARIEL_CASTILLO_(2).pdf,General,LEONARDO_ARIEL_CASTILLO_(2).pdf,pdf,LEONARDO,,Vigente/por validar,673398,2025-09-15T10:04:37,64af04e4787efbee7e287398d0e6c809376b257dead4d0bf0d1d2541b97ee55c
General/Certificados/Leonardo Castillo/LEONARDO_ARIEL_CASTILLO_(3).pdf,General,LEONARDO_ARIEL_CASTILLO_(3).pdf,pdf,LEONARDO,,Vigente/por validar,673398,2025-09-15T10:04:22,64af04e4787efbee7e287398d0e6c809376b257dead4d0bf0d1d2541b97ee55c
General/Certificados/Leonardo Castillo/Leonardo Ariel Castillo_leonardoarielcastillo@hotmail.com.pdf,General,Leonardo Ariel Castillo_leonardoarielcastillo@hotmail.com.pdf,pdf,LEONARDO,,Vigente/por validar,273909,2025-09-09T08:53:40,af219e3cb5a14dd1c144ef1afd6ac73715beeb21156cf9abcfbf9b95a09a1ceb
General/Certificados/Leonardo Castillo/Thumbs.db,General,Thumbs.db,db,THUMBS,,Vigente/por validar,16384,2025-09-15T10:11:37,fe1a5728d1b3cd0e1651a45c3bde00bebb6b8466ce8301974947fce866976b86
General/Certificados/Leonardo Castillo/certificate_leonardo-ariel-castillo.pdf,General,certificate_leonardo-ariel-castillo.pdf,pdf,CERTIFIC,,Vigente/por validar,331037,2025-09-16T13:54:37,ffda20d5571b5631046a6a6d9783afaa3ef97459cb65e2bbca29c9a1daa93ec4
General/Certificados/Rodrigo Mercado/Certificado_Mercado-2.pdf,General,Certificado_Mercado-2.pdf,pdf,CERTIFIC,,Vigente/por validar,1237903,2025-09-15T10:10:38,93af0948f3a7fd5d86f59262f5f17caa093711ed5516b3d56c5055100c1db251
General/Certificados/Rodrigo Mercado/FG-10_A_Calificacion_de_auditores_Mercado_.pdf,General,FG-10_A_Calificacion_de_auditores_Mercado_.pdf,pdf,FG-10,A,Vigente/por validar,637872,2025-09-15T10:10:40,ee5edb62918a6d6c5140857e13ea6e177d6d00d7cb0e37cb01f9b73c61d7985c
General/Certificados/Rodrigo Mercado/Thumbs.db,General,Thumbs.db,db,THUMBS,,Vigente/por validar,14848,2025-11-04T13:39:18,6ea5c8355f08901bd49dc5df80288ad9293dcbaaeef54237cf05eb20cabca511
General/Copia de DC-FI 331 Tratamiento de OB y NC Rev 03_1_.xlsx,General,Copia de DC-FI 331 Tratamiento de OB y NC Rev 03_1_.xlsx,xlsx,COPIA,Y,Vigente/por validar,24676,2025-08-05T15:47:54,b8b6ef5ff10c848025545320e7b97e824ce081aecb1d75b7e077b15d2c013352
General/Copia_de_04-_Analisis_y_resolución_de_problemas_8D (1).xls,General,Copia_de_04-_Analisis_y_resolución_de_problemas_8D (1).xls,xls,COPIA,Y,Vigente/por validar,2028032,2025-08-05T15:47:59,8a7d661d71e90d062a656923380e8c0c180ed6ba41456b5ffc27784588e4d73e
General/Direccion/Anexo_RD-001_A_Minuta_de_reunion.pdf,General,Anexo_RD-001_A_Minuta_de_reunion.pdf,pdf,ANEXO,A,Vigente/por validar,413318,2025-08-05T15:47:27,7b2f8429b564c53da378798fba5946d4a16ec3d49822c8874b5989063caa7970
General/Direccion/RD-001_A_Revision_por_la_Dirección.docx,General,RD-001_A_Revision_por_la_Dirección.docx,docx,RD-001,A,Vigente/por validar,227023,2025-08-05T15:47:25,e7ef75b220c91e3e164d2ccd8891b782825a7d65d13b983c3edb68fd55595e01
General/Direccion/RD-001_B_Revision_por_la_Dirección(1).docx,General,RD-001_B_Revision_por_la_Dirección(1).docx,docx,RD-001,B,Vigente/por validar,108661,2025-08-05T15:47:25,bdd30377966d392c9867682056837991237065bac9f1305328b3462c103739d6
General/Direccion/RD-001_B_Revision_por_la_Dirección(3).docx,General,RD-001_B_Revision_por_la_Dirección(3).docx,docx,RD-001,B,Vigente/por validar,98155,2025-08-05T15:47:26,7d00782eb2b6197391686c48ea1c2b9a6e6ee43595083289b7d6e3ded1cfa2aa
General/Direccion/RD-001_C_Revision_por_la_Direccion_RUEDAS_2023.docx,General,RD-001_C_Revision_por_la_Direccion_RUEDAS_2023.docx,docx,RD-001,C,Vigente/por validar,32626,2025-08-05T15:47:26,6f41d956849b18a8a583e1c2484b0698a7f1572b9d4fb2f8531fc4eb6306c3a0
General/Direccion/RD-001__Revision_por_la_Direccion_2023.docx,General,RD-001__Revision_por_la_Direccion_2023.docx,docx,RD-001,,Vigente/por validar,90792,2025-08-05T15:47:25,255c3a667b44abfdf02ff38b97b7363d34f07d793844a33e9009dd52b1095df4
General/Direccion/Thumbs.db,General,Thumbs.db,db,THUMBS,,Vigente/por validar,14336,2025-11-04T13:36:23,57a21ffbe6c2e875e77b9ab346968bebad5a2e6d516a82892de6033d29f7e4cc
General/Encuesta_a_clientes.doc,General,Encuesta_a_clientes.doc,doc,ENCUESTA,A,Vigente/por validar,109056,2025-08-05T15:47:48,177059e7b3e139617f2a43e0cda684cf683e0319844b31ef2c1e4001613ec46c
General/Formularios/FG-01. B Foda General 2025 (2).xlsx,General,FG-01. B Foda General 2025 (2).xlsx,xlsx,FG-01,B,Vigente/por validar,309698,2025-09-15T10:46:28,73b4ef3963e69782540f29466f85d17bcb8d40b12253dd7ed388f3a64ca5f434
General/Formularios/FG-01_B_analisis-foda (1).xls,General,FG-01_B_analisis-foda (1).xls,xls,FG-01,B,Vigente/por validar,109568,2025-08-05T15:47:53,11e6ed1cd02064507d4cce53364b723db69117f10a5f29bf46a32e28603018a6
General/Formularios/FG-01_analisis-foda (1).xls,General,FG-01_analisis-foda (1).xls,xls,FG-01,,Vigente/por validar,94208,2025-08-05T15:47:54,1518ecc0dd5cc50de3f6d0d2e7e6c8fd8caf6eeb1276bc7034f818687eb25e74
General/Formularios/FG-02_A._Diagrama_tortuga_recepción.xlsx,General,FG-02_A._Diagrama_tortuga_recepción.xlsx,xlsx,FG-02,A,Vigente/por validar,33523,2025-08-05T15:47:54,f850b48105df66281c1727e695d0079030f5b19c758b2b74790a7a4b50e76ce3
General/Formularios/FG-03_Plan_de_acciones_DADA_(4).xls,General,FG-03_Plan_de_acciones_DADA_(4).xls,xls,FG-03,,Vigente/por validar,87040,2025-08-05T15:47:49,60db467ec0f078e6bc77b5223038821c5236372012b240c9f2e30a84a648312f
General/Formularios/FG-04.G_Maestro_de_Documentos-DADA.xlsx,General,FG-04.G_Maestro_de_Documentos-DADA.xlsx,xlsx,FG-04,,Vigente/por validar,241633,2025-08-05T15:47:52,b4a7ca7226d5f9e4baffe898f372332f0f47b23972aae5bd95f22c464d634ceb
General/Formularios/FG-06 B. Matriz_de_objetivos_completada.xlsx,General,FG-06 B. Matriz_de_objetivos_completada.xlsx,xlsx,FG-06,B,Vigente/por validar,1089980,2025-10-23T15:54:46,999641974bcc0265f28b751cad2594e5b5a3a231c3402ff1855ba5a3699b742c
General/Formularios/FG-06_A_Matriz_politica_objetivos_con_indicadores(1)(1).xls,General,FG-06_A_Matriz_politica_objetivos_con_indicadores(1)(1).xls,xls,FG-06,A,Vigente/por validar,48128,2025-08-05T15:47:49,c520bd9fa8c28d215c9ff5c2f61c24ed460c374b073a3a4904be7948c8eb36ce
General/Formularios/FG-06_A_Matriz_politica_objetivos_con_indicadores(1).xls,General,FG-06_A_Matriz_politica_objetivos_con_indicadores(1).xls,xls,FG-06,A,Vigente/por validar,48128,2025-08-05T15:47:49,65bf17b62a8b9c968a3c7830cbd792b9ea2373d074c4fc75af85e1170cdf620f
General/Formularios/FG-07 C Contexto_y_partes_interesadas_con_organismos.xlsx,General,FG-07 C Contexto_y_partes_interesadas_con_organismos.xlsx,xlsx,FG-07,C,Vigente/por validar,44592,2025-10-22T12:39:36,fcc665b0603217e66762b72533a477b0a59206eab37a916aac1114fc3c8d1bfe
General/Formularios/FG-10_A._Calificacion_de_auditores.xlsx,General,FG-10_A._Calificacion_de_auditores.xlsx,xlsx,FG-10,A,Vigente/por validar,30087,2025-08-05T15:47:49,722e90b1e7659cd938e503ed2136063d07d80fce45fbee5c433057751375b373
General/Formularios/Formato_03_SL_VDA_6_(Autoguardado).xlsm,General,Formato_03_SL_VDA_6_(Autoguardado).xlsm,xlsm,FORMATO,,Vigente/por validar,3468091,2025-08-05T15:48:04,3f28af6259c3b1436d1cbf1873a14aadc274411559f247989b161346fe416092
General/Formularios/Formulario_de_satisfaccion_de_cliente_A.xls,General,Formulario_de_satisfaccion_de_cliente_A.xls,xls,FORMULAR,A,Vigente/por validar,118272,2025-08-05T15:47:50,fdb7c69ccda4bebd849eae2262711d5d56d5f9b6c544cf378f733318d2d5349b
General/Formularios/Obsoleto/FCKD-08.G_Maestro_de_Documentos_CKD-VW-DADA(1).xlsx,General,FCKD-08.G_Maestro_de_Documentos_CKD-VW-DADA(1).xlsx,xlsx,FCKD-08,,Obsoleto,246924,2025-08-05T15:47:53,6173eec6a01384f587a0766486ce8cc99497d2ae90288b1d74da5be5373abbc3
General/Formularios/Obsoleto/FCKD-08.G_Maestro_de_Documentos_CKD-VW-DADA.xlsx,General,FCKD-08.G_Maestro_de_Documentos_CKD-VW-DADA.xlsx,xlsx,FCKD-08,,Obsoleto,243564,2025-08-05T15:47:53,e9bf4c41cdc43f773695cc1f5702df77b6fb22cd3c9166bdb14d430e4626756f
General/Formularios/Obsoleto/FG-01. B Foda General 2025.xlsx,General,FG-01. B Foda General 2025.xlsx,xlsx,FG-01,B,Obsoleto,309698,2025-09-15T10:46:28,73b4ef3963e69782540f29466f85d17bcb8d40b12253dd7ed388f3a64ca5f434
General/Formularios/Obsoleto/FG-05_Plan_anual_de_Auditoria_2018_DADA(2).xlsx,General,FG-05_Plan_anual_de_Auditoria_2018_DADA(2).xlsx,xlsx,FG-05,,Obsoleto,153552,2025-08-05T15:47:39,54d3fd5a2848c790032a3f5b959d3bab060fc41da9864b2d11e0cd69cca0b734
General/Formularios/Obsoleto/FG-05_Plan_anual_de_Auditoria_2019_ISO.xlsx,General,FG-05_Plan_anual_de_Auditoria_2019_ISO.xlsx,xlsx,FG-05,,Obsoleto,154066,2025-08-05T15:47:36,5f4abf8cc6876e02ed95d87c2e4a7db0c892621ef4a9168172dc79f3129008cf
General/Formularios/Obsoleto/FG-05_Plan_anual_de_Auditoria_2020_ISO(1).xlsx,General,FG-05_Plan_anual_de_Auditoria_2020_ISO(1).xlsx,xlsx,FG-05,,Obsoleto,153902,2025-08-05T15:47:32,eb18e6fb98fdf748f24bf61cb3e676804c54d7a775c6ad8510fbf71b83a3352c
General/Formularios/RD-001  Revision por la Dirección 2025.docx,General,RD-001  Revision por la Dirección 2025.docx,docx,RD-001,,Vigente/por validar,43995,2025-10-23T20:01:46,88fee31c56c8ee999c18e1341746cfc95b007f7597542c8111a0a954ef5d561d
General/Formularios/RD-001  Revision por la Dirección 2025.pdf,General,RD-001  Revision por la Dirección 2025.pdf,pdf,RD-001,,Vigente/por validar,4167264,2025-10-23T20:01:38,e7652398e3f9a4320847d72aa4b5c0ea30af8f0a7b40e558231e7ef54edfe039
General/Formularios/~$FG-06 B. Matriz_de_objetivos_completada.xlsx,General,~$FG-06 B. Matriz_de_objetivos_completada.xlsx,xlsx,,B,Vigente/por validar,165,2026-01-06T11:29:54,9e921ddc399ae7bee7f02d887a1fa0292ededa6b7d7889ebbee06a816fefa08e
General/IATF_16949_2016_norma_Espa_ol.pdf,General,IATF_16949_2016_norma_Espa_ol.pdf,pdf,IATF,,Vigente/por validar,3819698,2025-08-05T15:48:02,2eda7f13d7019ee5dc0bb77d5227fd374b357005b35d6215ea54aad6ee55cff4
General/IDR-001.1_Formulario_de_satisfaccion_de_cliente_A.xls,General,IDR-001.1_Formulario_de_satisfaccion_de_cliente_A.xls,xls,IDR-001.1,A,Vigente/por validar,47616,2025-08-05T15:47:48,08a11fbe4cc83837d7b9274904493e19735166ed70456d72e20bd89119f22c8c
General/IDR-001_Satisfacción_al_Cliente_D.doc,General,IDR-001_Satisfacción_al_Cliente_D.doc,doc,IDR-001,D,Vigente/por validar,138752,2025-08-05T15:47:49,e05ac558b3588bcd995369caab8e62b2af69a3ec5e3770ce2d89871e88262fc2
General/Instrutivos/PG-01_B_-_Procedimiento_Reclamos_de_cliente.docx,General,PG-01_B_-_Procedimiento_Reclamos_de_cliente.docx,docx,PG-01,B,Vigente/por validar,218250,2025-08-05T15:47:46,6f3959f176a79562da511b3a4cc2318ce8821d708107c3648009ba6635c8e4f7
General/Instrutivos/PG-02_A_Procedimiento_general_para_abordar_riesgos.docx,General,PG-02_A_Procedimiento_general_para_abordar_riesgos.docx,docx,PG-02,A,Vigente/por validar,243952,2025-08-05T15:47:45,6d6cf1a322a1c2e07a64f4bef402b7188fde24306ac0ad72052403550fea2d28
General/Instrutivos/PG-02_B_-_Procedimiento_general_para_abordar_riesgos.docx,General,PG-02_B_-_Procedimiento_general_para_abordar_riesgos.docx,docx,PG-02,B,Vigente/por validar,243877,2025-08-05T15:47:46,432f36392dc598dbed65802e4be60509a4b81bba980e576ebf3336d41773fde9
General/Instrutivos/PG-03_Tratamiento_del_producto_no_conforme_G.doc,General,PG-03_Tratamiento_del_producto_no_conforme_G.doc,doc,PG-03,G,Vigente/por validar,148480,2025-08-05T15:47:45,f12dddc3832fa4d12ec6bc9dba834a4d5224ebd428fd8a765123f7fef3a1e154
General/Instrutivos/PG-05_Control_de_los_documentos_F_(2).doc,General,PG-05_Control_de_los_documentos_F_(2).doc,doc,PG-05,F,Vigente/por validar,261120,2025-08-05T15:47:53,93143939ea172a65b1cdea743b3bb20dfac2f5a5a3e370b7e5f3262e33c80e48
General/Instrutivos/PG-05_Control_de_los_documentos_G_2_.doc,General,PG-05_Control_de_los_documentos_G_2_.doc,doc,PG-05,G,Vigente/por validar,253952,2025-08-05T15:47:45,e1813be7cfd90f29ed3319ad91054f4c4a2c81d0abc200b97a43107e0f4bf7e6
General/Instrutivos/PG-05_Control_de_los_documentos_H_2_.doc,General,PG-05_Control_de_los_documentos_H_2_.doc,doc,PG-05,H,Vigente/por validar,259072,2025-11-06T10:33:39,d9c088e595c6a2515f1bba8fb2a07d79422fca679727613eba315ff01439ee13
General/Instrutivos/PG-07_B._procedimineto_auditorias_internas(1).DOCX,General,PG-07_B._procedimineto_auditorias_internas(1).DOCX,docx,PG-07,B,Vigente/por validar,37520,2025-08-05T15:47:33,d0df88c59155cf289e5caf8a889b726d540a972c7a5240078656c4ec7457c8ad
General/Instrutivos/PG-07_C_Procedimineto_uditorias_internas_1_.DOCX,General,PG-07_C_Procedimineto_uditorias_internas_1_.DOCX,docx,PG-07,C,Vigente/por validar,37918,2025-08-05T15:47:35,bb9a06990eed62fb4310fa63ae20b92483ae1761901ef5a7ca51bd98f01b3fc5
General/Instrutivos/PG-08_C_Seguridad_en_el_uso_de_autoelevadores_y_apiladoras.doc,General,PG-08_C_Seguridad_en_el_uso_de_autoelevadores_y_apiladoras.doc,doc,PG-08,C,Vigente/por validar,544768,2025-08-05T15:47:31,02e6a36b897d8726a0ba9cda056d5e3e18178c59f790adb813eacabd7ba9d58e
General/Instrutivos/PG-09_F_Estado_de_inspeccion.doc,General,PG-09_F_Estado_de_inspeccion.doc,doc,PG-09,F,Vigente/por validar,377344,2025-08-05T15:47:29,18e601e3949ba24e0e9149a1be60000c37d6be654ca439a6b9b9322ed72d8efd
General/Instrutivos/PG-10_F_Acciones_correctivas_y_preventivas.doc,General,PG-10_F_Acciones_correctivas_y_preventivas.doc,doc,PG-10,F,Vigente/por validar,159232,2025-08-05T15:47:29,7a1f47d0ed0ea7a5862c84e6614c36b3b977c0a8f9f6c277e673997de23ae0d9
General/Instrutivos/PG-10_G_Acciones_correctivas_y_preventivas.doc,General,PG-10_G_Acciones_correctivas_y_preventivas.doc,doc,PG-10,G,Vigente/por validar,160256,2025-08-05T15:47:31,66d2af8a331119e5d7e502df8162a69feb64cb4f82ee986481b6e5cc421426ce
General/Instrutivos/PG-10_H_Acciones_correctivas_y_preventivas_)_1_.doc,General,PG-10_H_Acciones_correctivas_y_preventivas_)_1_.doc,doc,PG-10,H,Vigente/por validar,159232,2025-08-05T15:47:32,6857d8ebb9d5d737a502dea5dec7d2663c7f8b8df3959bfa2b6fc3a6aff5b22b
General/Instrutivos/PG-11_B_Identificacion_y_trazabilidad.doc,General,PG-11_B_Identificacion_y_trazabilidad.doc,doc,PG-11,B,Vigente/por validar,65536,2025-08-05T15:47:27,fc16a32c49562c954acf0d89cc9e43179025d9334dd2bfe98d42c6472a36f412
General/Instrutivos/PG-13_Mejora_continua.doc,General,PG-13_Mejora_continua.doc,doc,PG-13,,Vigente/por validar,232960,2025-08-05T15:47:28,e33e7547e8e26e0f83d1dbf1a6db7966c774a1748bcd8dc0129ee406009cca64
General/Instrutivos/PG-14_B_Procedimiento_de_revisión_por_la_alta_dirección.doc,General,PG-14_B_Procedimiento_de_revisión_por_la_alta_dirección.doc,doc,PG-14,B,Vigente/por validar,79872,2025-08-05T15:47:27,bdbf6fc7ad92a4d26802004c5fa4fa36e1567e4dbc36ceae9d195977f4d0710f
General/Instrutivos/PG-15_A_actividades_de_calidad.xlsx,General,PG-15_A_actividades_de_calidad.xlsx,xlsx,PG-15,A,Vigente/por validar,32502,2025-08-05T15:47:26,3a584c65ee2395d631a07595bcb0fb78137221d7e6ef09c60f62a55e8b093cdc
General/Manuales/MC-01_H_Manual_de_Calidad_DADA.docx,General,MC-01_H_Manual_de_Calidad_DADA.docx,docx,MC-01,H,Vigente/por validar,77337,2025-08-21T14:20:52,bbf1b59708464e1feca842f008eed7d0df06f8b2ca837ed809eea8ce5c880f2f
General/Manuales/Obsoleto/MC-01_B_Manual_de_Calidad_DADA.DOCX,General,MC-01_B_Manual_de_Calidad_DADA.DOCX,docx,MC-01,B,Obsoleto,69988,2025-08-05T15:47:47,f901bc7e9a53227c13028c3ba2bc16f583e6893893fffc64f096f0512be1c6a2
General/Manuales/Obsoleto/MC-01_C_Manual_de_Calidad_DADA.DOCX,General,MC-01_C_Manual_de_Calidad_DADA.DOCX,docx,MC-01,C,Obsoleto,70736,2025-08-05T15:47:47,c7f5212be2c1d0d4cd5881920a3c00a126cb07bb7bf1abc0032e165ae4d8c125
General/Manuales/Obsoleto/MC-01_D_Manual_de_Calidad_DADA.DOCX,General,MC-01_D_Manual_de_Calidad_DADA.DOCX,docx,MC-01,D,Obsoleto,70784,2025-08-05T15:47:48,2c99b9bee08b396ac02bd8a52fc2347f74170744face889c951cc1b0a8f658bf
General/Manuales/Obsoleto/MC-01_E_Manual_de_Calidad_DADA.DOCX,General,MC-01_E_Manual_de_Calidad_DADA.DOCX,docx,MC-01,E,Obsoleto,71514,2025-08-05T15:47:47,ca8a4b783fae9aafb3c2419b624ec9292459cd8cb6520ef2b3515794b336b3e8
General/Manuales/Obsoleto/MC-01_E_Manual_de_Calidad_DADA_1_.DOCX,General,MC-01_E_Manual_de_Calidad_DADA_1_.DOCX,docx,MC-01,E,Obsoleto,70754,2025-08-05T15:47:46,2c6b96ef10d6d619c91ce0367c516f9296750f9c7c5f561179f3721048b08751
General/Manuales/Obsoleto/MC-01_G_Manual_de_Calidad_DADA_1_.DOCX,General,MC-01_G_Manual_de_Calidad_DADA_1_.DOCX,docx,MC-01,G,Obsoleto,78067,2025-08-05T15:47:46,c385a0b2d5da6e63f890cdb2cdf563f314b98a9eb0bf0fc2c556dbe600346885
General/Obsoletos/Copia_de_04-_Analisis_y_resolución_de_problemas_8D.zip,General,Copia_de_04-_Analisis_y_resolución_de_problemas_8D.zip,zip,COPIA,Y,Obsoleto,1692213,2025-08-05T15:47:55,ca0aa605f30b9a8f446ce14b8a798830ed1a4db7a70c0f5d4373142fcf84760a
General/Obsoletos/Formularios/FG-07_B_Matriz_Partes_Interesadas(1).xls,General,FG-07_B_Matriz_Partes_Interesadas(1).xls,xls,FG-07,B,Obsoleto,38400,2025-08-05T15:47:48,0f58716a1eafc67d7950680712b9a170217e4e5c7fb0796d02b8b863ddf2005e
General/Obsoletos/Formularios/FG-07_B_Matriz_Partes_Interesadas.xls,General,FG-07_B_Matriz_Partes_Interesadas.xls,xls,FG-07,B,Obsoleto,38400,2025-08-05T15:47:48,35b0b505d40f6b7bacd37e7dcbc829a082361a190992cddd9001759a758c5bff
General/Obsoletos/Formularios/FG-09_Informe_de_Auditoria_Interna.xlsx,General,FG-09_Informe_de_Auditoria_Interna.xlsx,xlsx,FG-09,,Obsoleto,28287,2025-08-05T15:47:54,942e24256dc7d5efa17bd43221493008cfc474b1af265b306e9f68b947d850cd
General/Obsoletos/Formularios/FG-09_Informe_de_Auditoria_Interna_-_Trafico.xlsx,General,FG-09_Informe_de_Auditoria_Interna_-_Trafico.xlsx,xlsx,FG-09,,Obsoleto,28074,2025-08-05T15:47:33,a98ad4a14df9c21d559aaf3e485499cf94532fc995b9a5a9e84a14a931cf1273
General/Obsoletos/Formularios/FG-09_Informe_de_Auditoria_Interna_CJD.pdf,General,FG-09_Informe_de_Auditoria_Interna_CJD.pdf,pdf,FG-09,,Obsoleto,23395,2025-08-05T15:47:39,4eb2300a4464541f343f7729e7d48c7015d27bf79fe92010c3547f285feea9bc
General/Obsoletos/Formularios/FG-09_Informe_de_Auditoria_Interna_CJD.xlsx,General,FG-09_Informe_de_Auditoria_Interna_CJD.xlsx,xlsx,FG-09,,Obsoleto,28201,2025-08-05T15:47:35,85454635fdafed6dafdc31550c30675345295bcb2fb49f4ffc4c2f0fff338040
General/Obsoletos/Formularios/FG-09_Informe_de_Auditoria_Interna_CKD_VWA.pdf,General,FG-09_Informe_de_Auditoria_Interna_CKD_VWA.pdf,pdf,FG-09,,Obsoleto,21842,2025-08-05T15:47:40,20f78d5badd54d01515989b066504387a1251c1e10dfc5d6e97c2df2e5c3d7a8
General/Obsoletos/Formularios/FG-09_Informe_de_Auditoria_Interna_CKD_VWA.xlsx,General,FG-09_Informe_de_Auditoria_Interna_CKD_VWA.xlsx,xlsx,FG-09,,Obsoleto,27601,2025-08-05T15:47:35,600ee44f7babaf4c67b561cfb5be42651d5c4b2bcd2ec9572725b39a48ea079f
General/Obsoletos/Formularios/FG-09_Informe_de_Auditoria_Interna_CLD(1).xlsx,General,FG-09_Informe_de_Auditoria_Interna_CLD(1).xlsx,xlsx,FG-09,,Obsoleto,28030,2025-08-05T15:47:31,74df0146cf454cd756eaf7e3a6621c25b4572f003fc9a3975a2f9b478f1be025
General/Obsoletos/Formularios/FG-09_Informe_de_Auditoria_Interna_CLD.pdf,General,FG-09_Informe_de_Auditoria_Interna_CLD.pdf,pdf,FG-09,,Obsoleto,21842,2025-08-05T15:47:40,3abf793ab47d1552a59a5192b0043ce82b7d12bd771585a559b7b3dcf3127243
General/Obsoletos/Formularios/FG-09_Informe_de_Auditoria_Interna_CLD.xlsx,General,FG-09_Informe_de_Auditoria_Interna_CLD.xlsx,xlsx,FG-09,,Obsoleto,28023,2025-08-05T15:47:37,0f7aae3155a1f764fd320895ec6db247d81fc94c214219e7c61fac60a1a87162
General/Obsoletos/Formularios/FG-09_Informe_de_Auditoria_Interna_COMPRAS(1).xlsx,General,FG-09_Informe_de_Auditoria_Interna_COMPRAS(1).xlsx,xlsx,FG-09,,Obsoleto,28558,2025-08-05T15:47:34,ae2b59a52e91acfde442664a2e7e2615d3ef2b6f61f3b5cc7d290807ca84d77b
General/Obsoletos/Formularios/FG-09_Informe_de_Auditoria_Interna_COMPRAS.pdf,General,FG-09_Informe_de_Auditoria_Interna_COMPRAS.pdf,pdf,FG-09,,Obsoleto,20965,2025-08-05T15:47:44,a802e13f2c851e92f672137ea9d0e70405e4ae994c002afb17a4de7ff0c14b48
General/Obsoletos/Formularios/FG-09_Informe_de_Auditoria_Interna_COMPRAS.xlsx,General,FG-09_Informe_de_Auditoria_Interna_COMPRAS.xlsx,xlsx,FG-09,,Obsoleto,28555,2025-08-05T15:47:37,7dd11d295398f7d6f296f719635f01fadf702d12d132cd58c7a30d1ff1338ab7
General/Obsoletos/Formularios/FG-09_Informe_de_Auditoria_Interna_Lavadero(1).xlsx,General,FG-09_Informe_de_Auditoria_Interna_Lavadero(1).xlsx,xlsx,FG-09,,Obsoleto,28157,2025-08-05T15:47:30,4f29ac8bb8abab1ed3949c1bc42ab4183de0c83a9cbbda9542e8752e69dc058c
General/Obsoletos/Formularios/FG-09_Informe_de_Auditoria_Interna_Lavadero.pdf,General,FG-09_Informe_de_Auditoria_Interna_Lavadero.pdf,pdf,FG-09,,Obsoleto,22948,2025-08-05T15:47:43,6446fd9f35bedf800a5faf4cb450fd58beb07294f38fb556ae09bb65b6a329d9
General/Obsoletos/Formularios/FG-09_Informe_de_Auditoria_Interna_Lavadero.xlsx,General,FG-09_Informe_de_Auditoria_Interna_Lavadero.xlsx,xlsx,FG-09,,Obsoleto,28248,2025-08-05T15:47:38,71d59f86e800e5a806f2e4bd4a79c6a544939b63d3dd652e99fc14ca85618fdf
General/Obsoletos/Formularios/FG-09_Informe_de_Auditoria_Interna_MANTENIMIENTO(1).xlsx,General,FG-09_Informe_de_Auditoria_Interna_MANTENIMIENTO(1).xlsx,xlsx,FG-09,,Obsoleto,28551,2025-08-05T15:47:33,8c16ba406215dca3f02efe7a1dd6112fff998eee8b1f13a9752528edb896d8ef
General/Obsoletos/Formularios/FG-09_Informe_de_Auditoria_Interna_MANTENIMIENTO.pdf,General,FG-09_Informe_de_Auditoria_Interna_MANTENIMIENTO.pdf,pdf,FG-09,,Obsoleto,22082,2025-08-05T15:47:43,3e139a28e1cfe5f7ca79c88978a8353b77bd26ff7d5f45414e206ecea3f4c628
General/Obsoletos/Formularios/FG-09_Informe_de_Auditoria_Interna_MANTENIMIENTO.xlsx,General,FG-09_Informe_de_Auditoria_Interna_MANTENIMIENTO.xlsx,xlsx,FG-09,,Obsoleto,28555,2025-08-05T15:47:36,0da27a957d7a1b41cb03049d4379f2141b2560a719a09d5dd69894aab72fe984
General/Obsoletos/Formularios/FG-09_Informe_de_Auditoria_Interna_Proyectos_-_Procesos(1).xlsx,General,FG-09_Informe_de_Auditoria_Interna_Proyectos_-_Procesos(1).xlsx,xlsx,FG-09,,Obsoleto,27990,2025-08-05T15:47:34,22127bdf538685b2ea0af26b2e382d0120436c9455032c71b14eae684a766eaf
General/Obsoletos/Formularios/FG-09_Informe_de_Auditoria_Interna_Proyectos_-_Procesos.pdf,General,FG-09_Informe_de_Auditoria_Interna_Proyectos_-_Procesos.pdf,pdf,FG-09,,Obsoleto,22073,2025-08-05T15:47:43,aed62928cffe7a24bda01d31367d5783ea513585927e6e737e38d2843eb778ac
General/Obsoletos/Formularios/FG-09_Informe_de_Auditoria_Interna_Proyectos_-_Procesos.xlsx,General,FG-09_Informe_de_Auditoria_Interna_Proyectos_-_Procesos.xlsx,xlsx,FG-09,,Obsoleto,27995,2025-08-05T15:47:39,f2ac4feaa97f46674a70addd59d1551e8624018176417af9b49219b9dc9bc4b0
General/Obsoletos/Formularios/FG-09_Informe_de_Auditoria_Interna_Proyectos_-_RRHH.xlsx,General,FG-09_Informe_de_Auditoria_Interna_Proyectos_-_RRHH.xlsx,xlsx,FG-09,,Obsoleto,28036,2025-08-05T15:47:39,2d9ea69c4a8e4e492c5465e9ff81c1631cdca879a5132720de63479c14a00331
General/Obsoletos/Formularios/FG-09_Informe_de_Auditoria_Interna_Proyectos_-_Trafico.pdf,General,FG-09_Informe_de_Auditoria_Interna_Proyectos_-_Trafico.pdf,pdf,FG-09,,Obsoleto,22726,2025-08-05T15:47:40,a0ea65be4959910913ef4aed3e16005fb95787c7c01d18b0130ea0cd885fce99
General/Obsoletos/Formularios/FG-09_Informe_de_Auditoria_Interna_Proyectos_-_Trafico.xlsx,General,FG-09_Informe_de_Auditoria_Interna_Proyectos_-_Trafico.xlsx,xlsx,FG-09,,Obsoleto,28048,2025-08-05T15:47:37,ec38c53414cb7d5f1de53935739818b36c4f044784cf966cf61581a00ed3ee71
General/Obsoletos/Formularios/FG-09_Informe_de_Auditoria_Interna_RRHH.pdf,General,FG-09_Informe_de_Auditoria_Interna_RRHH.pdf,pdf,FG-09,,Obsoleto,22021,2025-08-05T15:47:40,1d181955404e513f9e42dbf1fe0338ee9f059f86ab6235a47106f19911acbb68
General/Obsoletos/Formularios/FG-09_Informe_de_Auditoria_Interna_RUEDAS(1).xlsx,General,FG-09_Informe_de_Auditoria_Interna_RUEDAS(1).xlsx,xlsx,FG-09,,Obsoleto,29237,2025-08-05T15:47:34,802e01a7b33e6a8da0d560154db85396f17f2c7d1d578c543aa909ad0872a56b
General/Obsoletos/Formularios/FG-09_Informe_de_Auditoria_Interna_RUEDAS.pdf,General,FG-09_Informe_de_Auditoria_Interna_RUEDAS.pdf,pdf,FG-09,,Obsoleto,22710,2025-08-05T15:47:39,9a73352a3228c4615f596ae33c361668fd94df7d9140d74da5e7fd45beae8173
General/Obsoletos/Formularios/FG-09_Informe_de_Auditoria_Interna_SISTEMAS.xlsx,General,FG-09_Informe_de_Auditoria_Interna_SISTEMAS.xlsx,xlsx,FG-09,,Obsoleto,28606,2025-08-05T15:47:37,1bcbabeadd04450218dfbf6f76d7fd7c3dbbfdcbaf0bfb0264417e4bae6c05b9
General/Obsoletos/Formularios/FG-09_Informe_de_Auditoria_Interna_SP(1).xlsx,General,FG-09_Informe_de_Auditoria_Interna_SP(1).xlsx,xlsx,FG-09,,Obsoleto,28174,2025-08-05T15:47:35,8658305645f86f99faa836bab14299ca79e90f8f4f25ee6cddd764bf5eb0af19
General/Obsoletos/Formularios/FG-09_Informe_de_Auditoria_Interna_SP(2).xlsx,General,FG-09_Informe_de_Auditoria_Interna_SP(2).xlsx,xlsx,FG-09,,Obsoleto,28208,2025-08-05T15:47:44,011a9f3fc461c6e2906fd951b5974a6df7572d0309ddc2149789ee1e257ec1fe
General/Obsoletos/Formularios/FG-09_Informe_de_Auditoria_Interna_SP.pdf,General,FG-09_Informe_de_Auditoria_Interna_SP.pdf,pdf,FG-09,,Obsoleto,23199,2025-08-05T15:47:44,2f6433008a71c044d68b332d46c476e1e17b896e69b96d943ad2c9f398fbbb0e
General/Obsoletos/Formularios/FG-09_Informe_de_Auditoria_Interna_Trafico.pdf,General,FG-09_Informe_de_Auditoria_Interna_Trafico.pdf,pdf,FG-09,,Obsoleto,22928,2025-08-05T15:47:41,f69edc8859d7520b1c58f77485d9ed7cd3c976921e395af0dff751e709a45b8a
General/Obsoletos/Formularios/FG-09_Informe_de_Auditoria_Interna_VENTAS(1).xlsx,General,FG-09_Informe_de_Auditoria_Interna_VENTAS(1).xlsx,xlsx,FG-09,,Obsoleto,28658,2025-08-05T15:47:34,c06593a567b6f8cf0e0ba02d1379cee28d06fe8981626cc92456d9567ae3f18d
General/Obsoletos/Formularios/FG-09_Informe_de_Auditoria_Interna_VENTAS.pdf,General,FG-09_Informe_de_Auditoria_Interna_VENTAS.pdf,pdf,FG-09,,Obsoleto,21226,2025-08-05T15:47:40,1a9f2ac23be2cb66fd138edeca0b29543f48c5eb5295c75c1b6fa640c5aaa895
General/Obsoletos/Formularios/FG-09_Informe_de_Auditoria_Interna_VENTAS.xlsx,General,FG-09_Informe_de_Auditoria_Interna_VENTAS.xlsx,xlsx,FG-09,,Obsoleto,28636,2025-08-05T15:47:36,93f557ff69d6672777cb3fccfdd6b065bda2386fb117ed3c75cd25ca65978c58
General/Obsoletos/Formularios/FG-09_Informe_de_Auditoria_Interna__RRHH.xlsx,General,FG-09_Informe_de_Auditoria_Interna__RRHH.xlsx,xlsx,FG-09,,Obsoleto,28033,2025-08-05T15:47:34,8be15759fc5e2ee84f6be2c21bd9b7f49838d6ecec3c98cf3f5e4c45110d68a4
General/Obsoletos/Formularios/PG-01_A_Procedimiento_Reclamos_de_cliente.docx,General,PG-01_A_Procedimiento_Reclamos_de_cliente.docx,docx,PG-01,A,Obsoleto,218245,2025-08-05T15:47:47,a35bf143c22b46bf972acecac75763e3ad50b7f6442c602f29714601f0050998
General/Obsoletos/Formularios/Thumbs.db,General,Thumbs.db,db,THUMBS,,Obsoleto,178688,2025-11-06T10:13:29,fd82f3681c118645fbc209219f11c60379a9e6769a1dbe383caa81656fa6cdae
General/P-SG-18.5_Registro_actividades_de_capacitación_B.doc,General,P-SG-18.5_Registro_actividades_de_capacitación_B.doc,doc,P-SG-18,P,Vigente/por validar,49152,2025-08-05T15:47:25,e055c056bd78b9c133443f576988d28a3159786a0e4211c227d15b1db3cc4243
General/Politica.Calidad.pdf,General,Politica.Calidad.pdf,pdf,POLITICA,,Vigente/por validar,92930,2025-08-05T15:47:46,04fd5c40294b46220e771f4b7733e5a73d6acdb0a328afba451bbea368243293
General/Thumbs.db,General,Thumbs.db,db,THUMBS,,Vigente/por validar,9728,2025-11-04T13:36:16,c76ebd4f5a97345fc3b6f5565814d860dac860c8f24fbc733e634d6612eca255
ISO39001/Leonardo Castillo.jpg,ISO39001,Leonardo Castillo.jpg,jpg,LEONARDO,,Vigente/por validar,157400,2025-10-21T15:56:07,55855fa7b6aac61a4cb48b8b099a6b23da9c1e290fa26a7723ea9b77805c2c29
ISO39001/Punto 4 - Contexto y Alcance/4.1 FODA ISO 39001.xlsx,ISO39001,4.1 FODA ISO 39001.xlsx,xlsx,,,Vigente/por validar,434423,2025-08-11T11:23:22,10bf00734131dd7b81b4f4d6ebe456395b9348c6257ab45ab8cfdc20c6418677
ISO39001/Punto 4 - Contexto y Alcance/4.2 Mapa de partes interesadas y sus necesidades.xlsx,ISO39001,4.2 Mapa de partes interesadas y sus necesidades.xlsx,xlsx,,Y,Vigente/por validar,10215,2025-08-11T11:23:18,618c80fa0b1579acbd114b791d41e2316e986e6e6ceef0c3f62b24e1b053b902
ISO39001/Punto 4 - Contexto y Alcance/4.3 Alcance SGSV ISO39001.docx,ISO39001,4.3 Alcance SGSV ISO39001.docx,docx,,,Vigente/por validar,26774,2025-08-11T11:23:23,6d7e72dcbceacbd3ac720cfcdd82a23ff6efd40e29f03d944b3368979973bdc9
ISO39001/Punto 4 - Contexto y Alcance/4.4 Sistema Gestion SGSV ISO39001.docx,ISO39001,4.4 Sistema Gestion SGSV ISO39001.docx,docx,,,Vigente/por validar,28049,2025-08-11T11:23:24,c67b6b70fe35b47a93c0ae115453b6d23f7af7840751cdfad6f70a51c34e732e
ISO39001/Punto 5 - Liderazgo/5.3 Roles Responsabilidades SGSV ISO39001.docx,ISO39001,5.3 Roles Responsabilidades SGSV ISO39001.docx,docx,,,Vigente/por validar,20914,2025-08-11T11:23:12,9a7e47ffa57f60b924884ecfb74cad0ad79dc81058eb5e22a67dda20a904cfb2
ISO39001/Punto 6 - Planificación/6.1 Registro de riesgos y oportunidades SGSV ISO39001.docx,ISO39001,6.1 Registro de riesgos y oportunidades SGSV ISO39001.docx,docx,,Y,Vigente/por validar,14956,2025-08-11T11:23:10,159e3058a8882a0101168dc9f007e58990a4fca71d9316c7d9284bbf3ab8e650
ISO39001/Punto 6 - Planificación/6.2 Objetivos de seguridad vial y planificación para lograrlos SGSV ISO39001.docx,ISO39001,6.2 Objetivos de seguridad vial y planificación para lograrlos SGSV ISO39001.docx,docx,,Y,Vigente/por validar,14475,2025-08-11T11:23:13,3b1f8f56de6f4fc70d49c0d721f31f8feda7d106c9da452b4401cf0c2c247bb5
ISO39001/Punto 7 - Apoyo/7.1 Plan de Recursos SGSV ISO39001.docx,ISO39001,7.1 Plan de Recursos SGSV ISO39001.docx,docx,,,Vigente/por validar,14208,2025-08-11T11:23:20,efc994e34dfe5cca702620b5a351d1f494ecbe2d8275542ff4588ca61dc57fdf
ISO39001/Punto 7 - Apoyo/7.2 Matriz Competencia SGSV ISO39001.xlsx,ISO39001,7.2 Matriz Competencia SGSV ISO39001.xlsx,xlsx,,,Vigente/por validar,9667,2025-08-11T11:23:17,d2afc8ad00b0f6b48e32d668ed2a137aab76c8958824551a83b8b99dec2a5185
ISO39001/Punto 7 - Apoyo/7.3 Programa de sensibilización interna ISO39001.docx,ISO39001,7.3 Programa de sensibilización interna ISO39001.docx,docx,,,Vigente/por validar,28771,2025-08-11T11:23:16,8893fe048945b8f1e3940594a5837e94dc597ab33f595bc015b4433ef32cc27d
ISO39001/Punto 7 - Apoyo/7.4 Plan de comunicación.docx,ISO39001,7.4 Plan de comunicación.docx,docx,,,Vigente/por validar,16415,2025-08-11T11:23:15,7cf9a861151e259c0b915a71467f2da200dd5d6a177a572cc7970231689d7c50
ISO39001/Thumbs.db,ISO39001,Thumbs.db,db,THUMBS,,Vigente/por validar,13312,2025-11-04T13:36:12,82ded54b0c273b2ff5005d8e6c188ab1de4e79bd03b001b6faa4ff040e7a7327
Mantenimiento/FG-052 A Formulario_Control_Entrega INSUMOS TALLER.docx,Mantenimiento,FG-052 A Formulario_Control_Entrega INSUMOS TALLER.docx,docx,FG-052,A,Vigente/por validar,40360,2025-09-05T09:37:13,a8a223035a20cfd8bfb2ce51a67dcb5973bcfba1833415ca532757a651fbe12f
Mantenimiento/IMT-001.1_Cronograma_anual_de_mantenimiento_A(1).xls,Mantenimiento,IMT-001.1_Cronograma_anual_de_mantenimiento_A(1).xls,xls,IMT-001.1,A,Vigente/por validar,53760,2025-08-05T15:50:57,0f3b2d3cd3a01142dda3ae124b85d14215a021812fb1f60f4415cdb46e140c45
Mantenimiento/IMT-001.2_Registro_de_Mantenimiento_preventivo_A(1).xls,Mantenimiento,IMT-001.2_Registro_de_Mantenimiento_preventivo_A(1).xls,xls,IMT-001.2,A,Vigente/por validar,372224,2025-08-05T15:50:59,25ebfea72266e1cdeccb8a1985f418b34282f3b9f455c40a59d7ee70640ab3d7
Mantenimiento/IMT-001.3_Ficha_de_mantenimiento_predictivo_A(1).xls,Mantenimiento,IMT-001.3_Ficha_de_mantenimiento_predictivo_A(1).xls,xls,IMT-001.3,A,Vigente/por validar,34304,2025-08-05T15:50:59,5bf07555660d693f2711ed8ea49365d3a3f8fd42092198210a92196314b6de81
Mantenimiento/IMT-001.4_Lista_de_maquinas_y_equipos_A(1).xlsx,Mantenimiento,IMT-001.4_Lista_de_maquinas_y_equipos_A(1).xlsx,xlsx,IMT-001.4,Y,Vigente/por validar,105647,2025-08-05T15:51:01,6d3d2187ad12254bd77e5246193ae7c6ca72483aed4f81a9c6a788d0b2e81938
Mantenimiento/IMT-001.5_Repuestos_criticos_A(1).xlsx,Mantenimiento,IMT-001.5_Repuestos_criticos_A(1).xlsx,xlsx,IMT-001.5,A,Vigente/por validar,19080,2025-08-05T15:51:00,6630d336b523dcee271654dbc9af9ed36de520e76a203b256c39d95af33f192a
Mantenimiento/IMT-001.6_Orden_de_Mantenimiento_A(1).xls,Mantenimiento,IMT-001.6_Orden_de_Mantenimiento_A(1).xls,xls,IMT-001.6,A,Vigente/por validar,45056,2025-08-05T15:51:00,eb5b53a0f3015710f6396f023633e65ba4f69211651e7f153fd16cf4953665d5
Mantenimiento/IMT-001_Instructivo_general_de_mantenimiento_G.doc,Mantenimiento,IMT-001_Instructivo_general_de_mantenimiento_G.doc,doc,IMT-001,G,Vigente/por validar,131584,2025-08-05T15:51:01,59dc121d27e612758ba25f02dd9fa402cf77fcc4c967907f43780bdacc9872a7
Mantenimiento/MP-MT-01_Mapa_de_procesos.xlsx,Mantenimiento,MP-MT-01_Mapa_de_procesos.xlsx,xlsx,MP-MT-01,,Vigente/por validar,47855,2025-08-05T15:50:59,b7a9382209944eb6e2709c3df8c7091a0ec7ed293aba72ac0dd9e660e3b68318
Mantenimiento/PO-23.1_Actividades_de_Mantenimiento_A(1).xlsx,Mantenimiento,PO-23.1_Actividades_de_Mantenimiento_A(1).xlsx,xlsx,PO-23.1,A,Vigente/por validar,23877,2025-08-05T15:51:00,211e79ebf6c0f1af7f08def8702a229a8a3cd0eeff084bcc0733519e29a61d0f
Mantenimiento/PO-23.2_Plan_de_Mantenimiento_A(1).xlsx,Mantenimiento,PO-23.2_Plan_de_Mantenimiento_A(1).xlsx,xlsx,PO-23.2,A,Vigente/por validar,37640,2025-08-05T15:50:57,c8e0d13c9457eac0c8924c1a9790e79d84ebaf00a05b738e1bf6ae041f85069d
Mantenimiento/PO-23.3_Repuestos_Críticos_A(1).xlsx,Mantenimiento,PO-23.3_Repuestos_Críticos_A(1).xlsx,xlsx,PO-23.3,A,Vigente/por validar,23840,2025-08-05T15:50:59,a6f9d1972429b05c17bf73529f26e983d867285cfbd4973cdaf37ee22b4116ab
Mantenimiento/PO-23.4_TPM_A(1).xlsx,Mantenimiento,PO-23.4_TPM_A(1).xlsx,xlsx,PO-23.4,A,Vigente/por validar,25463,2025-08-05T15:50:59,ccac7b02fadcabd3d791e73ffe731a4d8439d7f6a0d4cc41b631019e5eff437c
Mantenimiento/PO-23_Procedimiento_general_de_mantenimiento_H.doc,Mantenimiento,PO-23_Procedimiento_general_de_mantenimiento_H.doc,doc,PO-23,H,Vigente/por validar,71680,2025-08-05T15:50:58,9cc5f75aee5b57ee4cff945ddfcaf01c7ed5e6b72188f830c1ecce99759f5538
Mantenimiento/PO-25.1_Flujograma_de_documento_A.docx,Mantenimiento,PO-25.1_Flujograma_de_documento_A.docx,docx,PO-25.1,A,Vigente/por validar,77374,2025-08-05T15:51:00,b72d37635d10e242783764ab0aad4192998d5b5f40860f9bac22023a4baa6c5a
Mantenimiento/PO-25.1_Planilla_de_control_de_vehiculos_Industriales_B(1).xlsx,Mantenimiento,PO-25.1_Planilla_de_control_de_vehiculos_Industriales_B(1).xlsx,xlsx,PO-25.1,B,Vigente/por validar,37406,2025-08-05T15:51:00,9f1b5dd61d05d7c56a12e736f7c7d9dbe136e5d1e518d8b2c35e9cf92070462f
Mantenimiento/PO-25_Procedimiento_de_control_de_vehiculos_industriales_F.doc,Mantenimiento,PO-25_Procedimiento_de_control_de_vehiculos_industriales_F.doc,doc,PO-25,F,Vigente/por validar,65536,2025-08-05T15:51:01,5ae76947bac9d2bbe29b082b9856bc86b9997b2ad5d90ad0c692712208b62053
Mantenimiento/PO-74.1_Planilla_de_control_de_mantenimiento_A(1).xlsx,Mantenimiento,PO-74.1_Planilla_de_control_de_mantenimiento_A(1).xlsx,xlsx,PO-74.1,A,Vigente/por validar,27811,2025-08-05T15:50:57,b4c542e85c7381e57a9c87523aa904b03261592d011a1aea9c1b7cf2b7d43de2
Mantenimiento/PO-74.3_Orden_de_Reparacion_A(1).xlsx,Mantenimiento,PO-74.3_Orden_de_Reparacion_A(1).xlsx,xlsx,PO-74.3,A,Vigente/por validar,20163,2025-08-05T15:50:58,cc092f3e2d411ea946fc53d42d7f5766c4f46a2cb558149035af7a5a5a7b37f2
Mantenimiento/PO-74_Procedimiento_general_de_mantenimiento_D.doc,Mantenimiento,PO-74_Procedimiento_general_de_mantenimiento_D.doc,doc,PO-74,D,Vigente/por validar,70144,2025-08-05T15:50:58,aa1deb6ae55e89adbd09a15b1c672e20a276ac9c2adb34632af7a9944bfd7b58
Obsoleto/CJD-20250723T162158Z-1-001.zip,Obsoleto,CJD-20250723T162158Z-1-001.zip,zip,CJD-20250723,,Vigente/por validar,81720894,2025-07-23T13:25:01,aa263e32938aa8dc5fe1fd5c03aa4af2e3b21a4768b13f3178404a06d15d28b6
Obsoleto/CKD VWA-20250723T162237Z-1-001.zip,Obsoleto,CKD VWA-20250723T162237Z-1-001.zip,zip,CKD,,Vigente/por validar,251243912,2025-07-23T13:27:03,2c955aa29252a658b351aeba734604f24779a380d91f27dcdcd3dd1d3f5ac13c
Obsoleto/CLD-20250723T162242Z-1-001.zip,Obsoleto,CLD-20250723T162242Z-1-001.zip,zip,CLD-20250723,,Vigente/por validar,6936030,2025-07-23T13:25:29,6e24e3f0b3456614f0c1e1850408c7539e9a38407db259b66a443e69a4d959da
Obsoleto/Cliente VW CKD-20250723T162246Z-1-001.zip,Obsoleto,Cliente VW CKD-20250723T162246Z-1-001.zip,zip,CLIENTE,,Vigente/por validar,5807450,2025-07-23T13:25:31,7ad4d7ed148a7ea374bcf10f4f4f92ddbf686c288a6c8f945f7a4bc0318bc224
Obsoleto/FG-18.G_Maestro_de_Documentos_1).xlsx,Obsoleto,FG-18.G_Maestro_de_Documentos_1).xlsx,xlsx,FG-18,,Vigente/por validar,183827,2025-11-13T16:13:52,904163662d87807f13e7d8be5c6525fc27eeb6b6e18cef9a517bd05b025ad7a0
Obsoleto/Kan-Ban/PO-83_Proceso_Kan-Ban_B.doc,Obsoleto,PO-83_Proceso_Kan-Ban_B.doc,doc,PO-83,B,Vigente/por validar,146432,2025-08-05T15:50:31,0f7bcdbd6f8ee2fe388ca01a41a2c03cb22908d2fdd39844cf1f28294612372e
Obsoleto/Kan-Ban/Proceso_Kan_Ban_general_modificado.pptx,Obsoleto,Proceso_Kan_Ban_general_modificado.pptx,pptx,PROCESO,,Vigente/por validar,4085366,2025-08-05T15:50:35,ce8503c2a833c02053fae0707ff368c9b77e0fc81cc1752e58c3130a94d11a96
Obsoleto/Lavadero/CONTROL_DE_ARRIBO_EN_VW_18_(Copia_en_conflicto_de_DADA-LAVADERO1_2018-09-11).xlsx,Obsoleto,CONTROL_DE_ARRIBO_EN_VW_18_(Copia_en_conflicto_de_DADA-LAVADERO1_2018-09-11).xlsx,xlsx,CONTROL,,Vigente/por validar,362227,2025-08-05T15:50:43,d8eb8159f1f2317924e1b8cce6a957459a5ca8f19bad31f7af8865a47f7a614c
Obsoleto/Lavadero/PLANILLA_PEDIDOS_DE_KLT_2018(1).xlsx,Obsoleto,PLANILLA_PEDIDOS_DE_KLT_2018(1).xlsx,xlsx,PLANILLA,,Vigente/por validar,81990,2025-08-05T15:50:43,ad6bb4f0c42aa3f6b6c1f413b2147dba6242cb41da5a9fa092598e3610aaa49a
Obsoleto/Lavadero/PO-66_Lavado_de_medios_MILK_RUN_E(2).doc,Obsoleto,PO-66_Lavado_de_medios_MILK_RUN_E(2).doc,doc,PO-66,E,Vigente/por validar,147456,2025-08-05T15:50:42,5f703c3b6106d2eeb9d7bbe16be15605d5e7d2b2aa52c58f80f7466c2313f6b5
Obsoleto/Lavadero/PO-67_Recoleccion_de_medios_MILK_RUN_D(1).doc,Obsoleto,PO-67_Recoleccion_de_medios_MILK_RUN_D(1).doc,doc,PO-67,D,Vigente/por validar,139264,2025-08-05T15:50:43,515b1f802de397560dda22101ec517c3c0264765d6d9f89da18571614913df38
Obsoleto/Lavadero/Planilla_de_limpieza_de_chapa_2018_(Copia_en_conflicto_de_PC-CLD-21_2018-31-08-2018).xlsx,Obsoleto,Planilla_de_limpieza_de_chapa_2018_(Copia_en_conflicto_de_PC-CLD-21_2018-31-08-2018).xlsx,xlsx,PLANILLA,,Vigente/por validar,262123,2025-08-05T15:50:44,78205f852f5da311b4f900ac144e848d36cb771ae15ac690ffecb3c7b7c43f4f
Obsoleto/Milk-Run-20250723T162311Z-1-001.zip,Obsoleto,Milk-Run-20250723T162311Z-1-001.zip,zip,MILK-RUN-202,,Vigente/por validar,189315,2025-07-23T13:26:17,ef2b665ac0eb0dc8a0d6d67148ab5962f70c6de272a3305c0fa896cbf0338dba
Obsoleto/SP-20250723T162325Z-1-001.zip,Obsoleto,SP-20250723T162325Z-1-001.zip,zip,SP-20250723,,Vigente/por validar,49646693,2025-07-23T13:26:36,12886dcd904bba9e21eac9803f934540d93434a00295fee2c5b09d23bdb9a0a8
Paragolpes CBA/En vigor/ARMADO GRILLA FIAT CROMADA my23 PUESTO 1.pdf,Paragolpes CBA,ARMADO GRILLA FIAT CROMADA my23 PUESTO 1.pdf,pdf,ARMADO,,Vigente/por validar,1226833,2025-08-05T15:54:08,4b7758ade6a661401db96723c994a4701c99f2cab26affe48cb4642de1e0126d
Paragolpes CBA/En vigor/ARMADO GRILLA FIAT CROMADA my23 PUESTO 2 (1).pdf,Paragolpes CBA,ARMADO GRILLA FIAT CROMADA my23 PUESTO 2 (1).pdf,pdf,ARMADO,,Vigente/por validar,769595,2025-08-05T15:54:05,9d245c8784b830541e6ff68b1b471ef44f41a9d16cfaa8d08393aadec3184019
Paragolpes CBA/En vigor/ARMADO GRILLA FIAT CROMADA my23 PUESTO 3.pdf,Paragolpes CBA,ARMADO GRILLA FIAT CROMADA my23 PUESTO 3.pdf,pdf,ARMADO,,Vigente/por validar,1283277,2025-08-05T15:54:06,f8a4fc8faa2db8669a7ef73fb9635e742947bce3e04f881783a6cc18d3058bb3
Paragolpes CBA/En vigor/HP_ 02-PG POSTERIOR PICKING-INSPECCION.xls,Paragolpes CBA,HP_ 02-PG POSTERIOR PICKING-INSPECCION.xls,xls,HP,,Vigente/por validar,11730944,2025-08-05T15:54:36,a85ab5c920b00ed970c5de54d8356f39972224df286125d15160457a9a16d19e
Paragolpes CBA/En vigor/HP_04 -PG POSTERIOR  FIJACION_1_.xls,Paragolpes CBA,HP_04 -PG POSTERIOR  FIJACION_1_.xls,xls,HP,,Vigente/por validar,12711936,2025-08-05T15:54:51,9a35da92d4b5d6c3d56f77b30196d0047951f753a9de40483afacc8aece3d54a
Paragolpes CBA/En vigor/HP_07 PG DELANTERO PICKING + INSPECCION.xlsx,Paragolpes CBA,HP_07 PG DELANTERO PICKING + INSPECCION.xlsx,xlsx,HP,,Vigente/por validar,1864611,2025-08-05T15:54:21,3ea42e7ef310cf0ce7ae1c688a07882ae3560209752af0bd88b404352dc4b869
Paragolpes CBA/En vigor/HP_08 PG DELANTERO FRONTAL_1_.xlsx,Paragolpes CBA,HP_08 PG DELANTERO FRONTAL_1_.xlsx,xlsx,HP,,Vigente/por validar,2773107,2025-08-05T15:54:13,47270a688337e3bcfdf0928acdae16769401de686e9b3bffcef89c99d989c6f0
Paragolpes CBA/En vigor/HP_09 PG DELANTERO FAROS + AJUSTE_1_.xlsx,Paragolpes CBA,HP_09 PG DELANTERO FAROS + AJUSTE_1_.xlsx,xlsx,HP,,Vigente/por validar,2902687,2025-08-05T15:54:38,b78e422ce38b83486c68f3f5326a1cde2cee570a811a64acaf06e19de0e5c83e
Paragolpes CBA/En vigor/HP_10 PG DELANTERO -REMACHADO_1_ (1).xlsx,Paragolpes CBA,HP_10 PG DELANTERO -REMACHADO_1_ (1).xlsx,xlsx,HP,,Vigente/por validar,2290375,2025-08-05T15:54:14,562296edc45f1d09f898ecc4d1fe2bbdc881ae17963a500d5c00f7e21946a6a4
Paragolpes CBA/En vigor/HP_11-PG DELANTERO CONTROL FINAL_1_.xls,Paragolpes CBA,HP_11-PG DELANTERO CONTROL FINAL_1_.xls,xls,HP,,Vigente/por validar,11713024,2025-08-05T15:54:58,183be6c85415904a5228b7b282e2457ace2ad235c9fe9399e4025af8b1ec883c
Paragolpes CBA/En vigor/HP_PG DELANTERO OP  RETRABAJO_1_.xlsx,Paragolpes CBA,HP_PG DELANTERO OP  RETRABAJO_1_.xlsx,xlsx,HP,,Vigente/por validar,2773313,2025-08-05T15:54:19,970f998e85a7b83f3e2b0e083930d348a7105723b058f58a12204a224f079128
Paragolpes CBA/En vigor/IT 142-2025 ARMADO FRONT BUMPER MCA2-FB-US-01_Rev00.pdf,Paragolpes CBA,IT 142-2025 ARMADO FRONT BUMPER MCA2-FB-US-01_Rev00.pdf,pdf,IT,00,Vigente/por validar,947752,2025-10-09T13:38:34,41f1c5a5d558af67102805665495659bd72f2cb47a087c77f319814bdf47f948
Paragolpes CBA/En vigor/IT 143-2025 ARMADO FRONT BUMPER MCA2-FB-G-01 _Rev01.pdf,Paragolpes CBA,IT 143-2025 ARMADO FRONT BUMPER MCA2-FB-G-01 _Rev01.pdf,pdf,IT,G,Vigente/por validar,525303,2025-10-09T13:38:40,c202104941700c36ad33a8e8b25f56446649f101c420b5cb994aa93b3c201c87
Paragolpes CBA/En vigor/IT 144-2025 ARMADO FRONT BUMPER MCA2-FB-IC-01_Rev00.pdf,Paragolpes CBA,IT 144-2025 ARMADO FRONT BUMPER MCA2-FB-IC-01_Rev00.pdf,pdf,IT,00,Vigente/por validar,485845,2025-10-09T13:38:47,880c7c9bcc18b4d645872fe6929037421f8074c1d23613766f983a2f0d221371
Paragolpes CBA/En vigor/IT 145-25 ARMADO FRONT BUMPER MCA2-FB-IC-03_Rev00.pdf,Paragolpes CBA,IT 145-25 ARMADO FRONT BUMPER MCA2-FB-IC-03_Rev00.pdf,pdf,IT,00,Vigente/por validar,299807,2025-10-09T13:38:50,57ec5c3a115f6413fc4b38289892b2ff24571cb232715be0930dd8776273839b
Paragolpes CBA/En vigor/IT 146-25 ARMADO FRONT BUMPER MCA2-FB-CL-01_Rev01.pdf,Paragolpes CBA,IT 146-25 ARMADO FRONT BUMPER MCA2-FB-CL-01_Rev01.pdf,pdf,IT,01,Vigente/por validar,420428,2025-10-09T13:38:06,a8696062fe1a93cd5851fa8ebc4d7523752e5884e520c322bbfffff714d14a67
Paragolpes CBA/En vigor/IT 147-25 ARMADO FRONT BUMPER MCA2-FB-F-01_Rev01.pdf,Paragolpes CBA,IT 147-25 ARMADO FRONT BUMPER MCA2-FB-F-01_Rev01.pdf,pdf,IT,F,Vigente/por validar,386484,2025-10-09T13:38:10,f6f54dcb873150e318d0fb4bdd251dc52ba06c18eab29514eb2c99fa3248301a
Paragolpes CBA/En vigor/IT 148-25 ARMADO FRONT BUMPER MCA2-FB-IC-02 _Rev00.pdf,Paragolpes CBA,IT 148-25 ARMADO FRONT BUMPER MCA2-FB-IC-02 _Rev00.pdf,pdf,IT,00,Vigente/por validar,209425,2025-10-09T13:38:15,6137dfcade43f6da170b5c310bee51ffa4a5766074eeb94d730b285b94769540
Paragolpes CBA/En vigor/IT 149-2025 ARMADO REAR BUMPER MCA2-RB-US-01_Rev00.pdf,Paragolpes CBA,IT 149-2025 ARMADO REAR BUMPER MCA2-RB-US-01_Rev00.pdf,pdf,IT,00,Vigente/por validar,1445276,2025-10-09T13:37:31,8315b93115a2df009850c0e24a23e47b87941ed93717917100631f42a1823ff0
Paragolpes CBA/En vigor/IT 150-2025 ARMADO REAR BUMPER MCA2-RB-G-01_Rev00.pdf,Paragolpes CBA,IT 150-2025 ARMADO REAR BUMPER MCA2-RB-G-01_Rev00.pdf,pdf,IT,G,Vigente/por validar,600992,2025-10-09T13:37:36,479de930bde5df12c460f83c27b315041650530a61f98fe13c42cd29174b700b
Paragolpes CBA/En vigor/IT 151-2025 ARMADO REAR BUMPER MCA2-RB-F-01_Rev00.pdf,Paragolpes CBA,IT 151-2025 ARMADO REAR BUMPER MCA2-RB-F-01_Rev00.pdf,pdf,IT,F,Vigente/por validar,404358,2025-10-09T13:37:42,d44d087ba2b12638f457c8f5eed0647a8c435347e0144de468e95edd04ed9955
Paragolpes CBA/En vigor/IT 72-2025 ARRANQUE Y APAGADO MAQUINA  CRONOS MCA2-RB-US-01_Rev00.pdf,Paragolpes CBA,IT 72-2025 ARRANQUE Y APAGADO MAQUINA  CRONOS MCA2-RB-US-01_Rev00.pdf,pdf,IT,Y,Vigente/por validar,424730,2025-10-09T13:37:27,5f84921e3f45fb79ec4990c70bf1d82d29b270e9f27799191b25b84d23f0058b
Paragolpes CBA/En vigor/IT 73-2025 ARRANQUE Y APAGADO MAQUINA  CRONOS MCA2-FB-US-01_Rev00.pdf,Paragolpes CBA,IT 73-2025 ARRANQUE Y APAGADO MAQUINA  CRONOS MCA2-FB-US-01_Rev00.pdf,pdf,IT,Y,Vigente/por validar,524990,2025-10-09T13:38:26,d4b264ab10b5c2a683cd37fd598b8b5da9490f25dd43dd52869e5e0f9ad09ab7
Paragolpes CBA/En vigor/IT CRONOS MCA II FRONT BUMPER MODO DEGRAGADO.pdf,Paragolpes CBA,IT CRONOS MCA II FRONT BUMPER MODO DEGRAGADO.pdf,pdf,IT,,Vigente/por validar,1022223,2025-10-09T13:38:23,c765a769daee5e10f4b1ffa0cd1c4ce204484c79f8f5c423d021f729954040d5
Paragolpes CBA/En vigor/IT CRONOS MCA II REAR BUMPER MODO DEGRAGADO.pdf,Paragolpes CBA,IT CRONOS MCA II REAR BUMPER MODO DEGRAGADO.pdf,pdf,IT,,Vigente/por validar,628245,2025-10-09T13:37:45,f58389ce5d44326e6bdfd4ff7829c5422d386b23c0efb5acc9594b93a605f00f
Paragolpes CBA/Politica.Calidad (4).pdf,Paragolpes CBA,Politica.Calidad (4).pdf,pdf,POLITICA,,Vigente/por validar,92930,2022-11-10T14:20:06,04fd5c40294b46220e771f4b7733e5a73d6acdb0a328afba451bbea368243293
Paragolpes CBA/Thumbs.db,Paragolpes CBA,Thumbs.db,db,THUMBS,,Vigente/por validar,13824,2025-11-13T14:41:57,6995b79c5c02e111358bcf013c2573d4200aca848dcc6dbdcf1412bd9b34eb5d
Politica Seguridad Vial BORRADOR.docx,(raíz),Politica Seguridad Vial BORRADOR.docx,docx,POLITICA,,Vigente/por validar,40706,2026-01-21T14:44:03,f9af6224b088dc1c65d8631429effe12890607130285deb589449369f00c4329
Proyectos-Procesos/En vigor/27042018_Matriz_de_objetivos_Ingeniería_y_Proyectos.xlsx,Proyectos-Procesos,27042018_Matriz_de_objetivos_Ingeniería_y_Proyectos.xlsx,xlsx,,Y,Vigente/por validar,12162,2025-08-05T15:55:11,0541256da93494aab697732bd3a3bca1e1f67dcd9da36e00a4047902c60b8eb6
Proyectos-Procesos/En vigor/DP-1701__2017_10_11__Rueda_Nueva_Tec__Semi_autom_x_41k_con_inversion_fundación_FCA.xls,Proyectos-Procesos,DP-1701__2017_10_11__Rueda_Nueva_Tec__Semi_autom_x_41k_con_inversion_fundación_FCA.xls,xls,DP-1701,X,Vigente/por validar,4048896,2025-08-05T15:55:42,b8d755ebfc4e8ca49f26a062eb89cfd2d735d556805a06bd69295c5b62b6a75b
Proyectos-Procesos/En vigor/DP-1702__Calculo_Costo_de_importacion_Balanceadora_Micropoise_y_Prestamo.xlsx,Proyectos-Procesos,DP-1702__Calculo_Costo_de_importacion_Balanceadora_Micropoise_y_Prestamo.xlsx,xlsx,DP-1702,Y,Vigente/por validar,406275,2025-08-05T15:55:40,f215191d10d00027a2815983ae30b6becb6f7ec9a8517d81d9afd882190df880
Proyectos-Procesos/En vigor/DP-1703____2017.03.09__Propuesta_Técnica___Ruedas_X6S_FCA.pdf,Proyectos-Procesos,DP-1703____2017.03.09__Propuesta_Técnica___Ruedas_X6S_FCA.pdf,pdf,DP-1703,,Vigente/por validar,603634,2025-08-05T15:55:37,1e3874dab4e915ef69cab49b2f70e683c3ed3db65b9e2cf1c2c19806a4de109c
Proyectos-Procesos/En vigor/ING-001.1_Solicitud_de_desviacion_B.xls,Proyectos-Procesos,ING-001.1_Solicitud_de_desviacion_B.xls,xls,ING-001.1,B,Vigente/por validar,122368,2025-08-05T15:55:17,9a2d5d207b22fe04a094635dd44f5197030a4f6e773052116687d8f82677fb80
Proyectos-Procesos/En vigor/ING-001.2_Indice_de_desviaciones_B.xls,Proyectos-Procesos,ING-001.2_Indice_de_desviaciones_B.xls,xls,ING-001.2,B,Vigente/por validar,109568,2025-08-05T15:55:09,196702aeb9d6fc3a071b6a0cfb28b454f5bd5b589a060736f4d841e47ed638d6
Proyectos-Procesos/En vigor/ING-001_Solicitud_de_desviacion_de_ingenieria_I.doc,Proyectos-Procesos,ING-001_Solicitud_de_desviacion_de_ingenieria_I.doc,doc,ING-001,I,Vigente/por validar,218112,2025-08-05T15:55:13,279516a66b459500335f7af5eb97496d9f9ab60c7637d7899e8ce9f18f5f45cb
Proyectos-Procesos/En vigor/ING-002.1_Maestro_de_planos_de_productos_A.xls,Proyectos-Procesos,ING-002.1_Maestro_de_planos_de_productos_A.xls,xls,ING-002.1,A,Vigente/por validar,40960,2025-08-05T15:55:10,ae145316a34add46224a8eef3244f7f21f190480ed5cde37135d14235289efac
Proyectos-Procesos/En vigor/ING-002.2_Regitro_de_especificaciones_A.xls,Proyectos-Procesos,ING-002.2_Regitro_de_especificaciones_A.xls,xls,ING-002.2,A,Vigente/por validar,33792,2025-08-05T15:55:39,3f87e2b5d0dd1f831e58fd3ee3c071e5248ace01fa77d9a72b7340c39e3a675d
Proyectos-Procesos/En vigor/ING-002_Registro_de_planos_y_especificaciones_H.doc,Proyectos-Procesos,ING-002_Registro_de_planos_y_especificaciones_H.doc,doc,ING-002,Y,Vigente/por validar,210944,2025-08-05T15:55:28,827649ca7dcdde717c663339f4bb16cdbdb2dc8a3d91d227583418916c29a938
Proyectos-Procesos/En vigor/ING-003.3_Hoja_de_proceso_A.pdf,Proyectos-Procesos,ING-003.3_Hoja_de_proceso_A.pdf,pdf,ING-003.3,A,Vigente/por validar,284760,2025-08-05T15:55:34,e72e740124afe38af837b60b4f2f09d6af11fb2035e6e3bf18589b16dc96eaaa
Proyectos-Procesos/En vigor/ING-003_Elaboracion_de_la_documentacion_de_ingenieria_H.doc,Proyectos-Procesos,ING-003_Elaboracion_de_la_documentacion_de_ingenieria_H.doc,doc,ING-003,H,Vigente/por validar,211968,2025-08-05T15:55:32,871633a1ab79a78f31f2563013cb1afa8eab82036330c35cc3b0ea0cc7edef95
Proyectos-Procesos/En vigor/ING-004.1_h1_h2_A.xls,Proyectos-Procesos,ING-004.1_h1_h2_A.xls,xls,ING-004.1,A,Vigente/por validar,144384,2025-08-05T15:55:18,31935facf56abeec3742353f185c7760fbc622ed00cd712cf5fde735edcbb87b
Proyectos-Procesos/En vigor/ING-004.2_Registro_de_Solicitudes_de_Modificación_A.xls,Proyectos-Procesos,ING-004.2_Registro_de_Solicitudes_de_Modificación_A.xls,xls,ING-004.2,A,Vigente/por validar,114688,2025-08-05T15:55:12,2b813f09c7d115e9ed559ff29391b9b0c5dbb6affc2cf3ac4e35a644445930a9
Proyectos-Procesos/En vigor/ING-004_H_Gestión_de_cambio.doc,Proyectos-Procesos,ING-004_H_Gestión_de_cambio.doc,doc,ING-004,H,Vigente/por validar,224768,2025-08-05T15:55:39,ed71daf3984a1b1437c77baef077e49c94ad3707aa7b5cfec034e21e9b1381a4
Proyectos-Procesos/En vigor/ING-006.1_Solicitud_de_Cambio_De_Proceso_Lay-Out_A(1).xls,Proyectos-Procesos,ING-006.1_Solicitud_de_Cambio_De_Proceso_Lay-Out_A(1).xls,xls,ING-006.1,A,Vigente/por validar,119296,2025-08-05T15:55:22,a11f525168728aab795e70992667b97d845ccd5cf4b50fc00c230829a7127113
Proyectos-Procesos/En vigor/ING-006.1_Solicitud_de_Cambio_De_Proceso_Lay-Out_A.xls,Proyectos-Procesos,ING-006.1_Solicitud_de_Cambio_De_Proceso_Lay-Out_A.xls,xls,ING-006.1,A,Vigente/por validar,119296,2025-08-05T15:55:38,9110a6ad50408b149d774bfe35cfccfb33282079f02af5cf9978f7112aad768c
Proyectos-Procesos/En vigor/ING-006.2_Aprobación_de_Cambio_De_Proceso_Lay-Out_A.xls,Proyectos-Procesos,ING-006.2_Aprobación_de_Cambio_De_Proceso_Lay-Out_A.xls,xls,ING-006.2,A,Vigente/por validar,122880,2025-08-05T15:55:09,44830d3b87bdcde6be324dbf5993ed2ffd274d9241b52ea225f999d75f878f82
Proyectos-Procesos/En vigor/ING-006.3_Supplier_request_for_engineering_approval_A.xls,Proyectos-Procesos,ING-006.3_Supplier_request_for_engineering_approval_A.xls,xls,ING-006.3,A,Vigente/por validar,86528,2025-08-05T15:55:15,48ca0d8e20c464f48234167a5c67cea34cddbff0eefa09ef39b21d4d4276e70f
Proyectos-Procesos/En vigor/IP-1701_Planning_Proyecto_Ruedas_X6S_FCA_02022018.pdf,Proyectos-Procesos,IP-1701_Planning_Proyecto_Ruedas_X6S_FCA_02022018.pdf,pdf,IP-1701,,Vigente/por validar,229069,2025-08-05T15:55:24,2cd39c519a7f0e14e396e403856fb7df7cb5ae38571fb380256ad5e56cbc452e
Proyectos-Procesos/En vigor/IP-1702_Linea_ruedas.pdf,Proyectos-Procesos,IP-1702_Linea_ruedas.pdf,pdf,IP-1702,,Vigente/por validar,212225,2025-08-05T15:55:14,5b05de7fb712515d40605d489ac05a25a737edae79435475f805f2c7b8ddfefc
Proyectos-Procesos/En vigor/IPY-001-G-_APQP_Desarrollo_de_Nuevos_Negocios.docx,Proyectos-Procesos,IPY-001-G-_APQP_Desarrollo_de_Nuevos_Negocios.docx,docx,IPY-001,G,Vigente/por validar,126990,2025-08-05T15:55:24,074459948959bf490fed9dfb32623f88de5f0283ac999b35f940a63e80881c27
Proyectos-Procesos/En vigor/IPY-002-G-_Desarrollo_de_nuevos_proyectos.doc,Proyectos-Procesos,IPY-002-G-_Desarrollo_de_nuevos_proyectos.doc,doc,IPY-002,G,Vigente/por validar,156672,2025-08-05T15:55:16,40d919e6f56735cf5ccd6608b9768881e30407f430d757dc4694c271fef0bdbe
Proyectos-Procesos/En vigor/IPY-002.1_Gantt_Nueva_Operacion_A.pdf,Proyectos-Procesos,IPY-002.1_Gantt_Nueva_Operacion_A.pdf,pdf,IPY-002.1,A,Vigente/por validar,29003,2025-08-05T15:55:19,ebcee3bf80879e831597e7705a38b8c6c1ed7767e8a7a7dedc1917ae4dec198b
Proyectos-Procesos/En vigor/IPY-002.2_Plan_de_accion_B.xls,Proyectos-Procesos,IPY-002.2_Plan_de_accion_B.xls,xls,IPY-002.2,B,Vigente/por validar,323072,2025-08-05T15:55:35,68ff038d33713a6d00ef437b8bf2e9f37bb69c34ba4097d0476b0c1af4f2e450
Proyectos-Procesos/En vigor/IPY-003-D-_Implementación_de_Proyectos(1).doc,Proyectos-Procesos,IPY-003-D-_Implementación_de_Proyectos(1).doc,doc,IPY-003,D,Vigente/por validar,171520,2025-08-05T15:55:19,6a1c27b4b20a56cba4dfe482e19768539074be666ac54f6db379f49d4bd50aa0
Proyectos-Procesos/En vigor/IPY-004_CHECK_LIST_DE_VALIDACIÓN_DE_IMPLEMENTACIÓN_DE_PROYECTOS.xlsx,Proyectos-Procesos,IPY-004_CHECK_LIST_DE_VALIDACIÓN_DE_IMPLEMENTACIÓN_DE_PROYECTOS.xlsx,xlsx,IPY-004,,Vigente/por validar,38296,2025-08-05T15:55:21,334c08abe6d060ee7712e64b95ff80a8b45b80447ae504176a7599b29dd1c7f1
Proyectos-Procesos/En vigor/IPY-004_Validación_de_Proyectos.doc,Proyectos-Procesos,IPY-004_Validación_de_Proyectos.doc,doc,IPY-004,,Vigente/por validar,136192,2025-08-05T15:55:25,551f3787be6819c94aa97a1e29de57d6438e7eeac558cb05138ff7818b856480
Proyectos-Procesos/En vigor/MP-PR-01_Mapa_de_procesos.xlsx,Proyectos-Procesos,MP-PR-01_Mapa_de_procesos.xlsx,xlsx,MP-PR-01,,Vigente/por validar,47929,2025-08-05T15:55:14,0ddfedc5245e9ba4fb7de80d3ed818d38570c8e248255bca9a84ab025ba3735d
Proyectos-Procesos/En vigor/Thumbs.db,Proyectos-Procesos,Thumbs.db,db,THUMBS,,Vigente/por validar,18432,2025-11-04T13:42:15,186eda81e7e2ecb8bf9bbaf2be1545f28f6a46efd248878e88617eb00c1b259b
Proyectos-Procesos/Politica.Calidad (4).pdf,Proyectos-Procesos,Politica.Calidad (4).pdf,pdf,POLITICA,,Vigente/por validar,92930,2022-11-10T14:20:06,04fd5c40294b46220e771f4b7733e5a73d6acdb0a328afba451bbea368243293
Proyectos-Procesos/Thumbs.db,Proyectos-Procesos,Thumbs.db,db,THUMBS,,Vigente/por validar,13824,2025-11-13T14:42:02,9d2266cbc06b39fe27c2e4c76c0c03d5e10f98b6708de96df91112e157258c34
RRHH/Anexo1_-IRH-8_CODIGO_DE_ETICA_-_CARTA_COMPROMISO.DOCX,RRHH,Anexo1_-IRH-8_CODIGO_DE_ETICA_-_CARTA_COMPROMISO.DOCX,docx,ANEXO,,Vigente/por validar,31355,2025-08-05T15:55:24,a86302b427a66b44b680b66f4b964c89b502d6d250d8af85a779b41885143b95
RRHH/Anexo_2_-_IRH-08_CODIGO_DE_ETICA_-_DECLARACION_CONFLICTO_DE_INTERES.DOCX,RRHH,Anexo_2_-_IRH-08_CODIGO_DE_ETICA_-_DECLARACION_CONFLICTO_DE_INTERES.DOCX,docx,ANEXO,,Vigente/por validar,31445,2025-08-05T15:55:22,8fea7fcb5433b296852be51191646d9cbf3150de8626614d91f5916f249ab8c3
RRHH/Capacitacion/Capacitacion RCP/certificate_adrian-garcia.pdf,RRHH,certificate_adrian-garcia.pdf,pdf,CERTIFIC,,Vigente/por validar,331033,2025-10-23T14:08:43,5915d35e4db4660773e42458b2476f130def68fa6d1422fdb33584c8448b8302
RRHH/Capacitacion/Capacitacion RCP/certificate_adriano-martin-rojas.pdf,RRHH,certificate_adriano-martin-rojas.pdf,pdf,CERTIFIC,,Vigente/por validar,331059,2025-10-23T14:08:45,1b95fd3ef85d46519529ae5d4f2a93065e01ab68d825cba9940b642038fcbba2
RRHH/Capacitacion/Capacitacion RCP/certificate_agustin-contreras.pdf,RRHH,certificate_agustin-contreras.pdf,pdf,CERTIFIC,,Vigente/por validar,330996,2025-10-23T14:08:47,9c744c008d43e8f3538a7adcfa8bfd5b8e36e0de486f4c7b837e8dacd7a138b8
RRHH/Capacitacion/Capacitacion RCP/certificate_aldana-arias.pdf,RRHH,certificate_aldana-arias.pdf,pdf,CERTIFIC,,Vigente/por validar,331071,2025-10-23T14:08:48,ca5a05faca155d12d2583a30e3945997a82a058c46ac71e408390baacfa8bf9a
RRHH/Capacitacion/Capacitacion RCP/certificate_brenda-parisi.pdf,RRHH,certificate_brenda-parisi.pdf,pdf,CERTIFIC,,Vigente/por validar,331056,2025-10-23T14:08:53,895e59c2fd9e0b95c2dd6c7bdbe33a6b17c28b27810a378648a8cca89f4aaba7
RRHH/Capacitacion/Capacitacion RCP/certificate_bruno-quaranta.pdf,RRHH,certificate_bruno-quaranta.pdf,pdf,CERTIFIC,,Vigente/por validar,330876,2025-10-23T14:08:55,f52d50147eedc021b07ce131a9b3a934009cdbf8fe529a5d48a0f9631b6b5335
RRHH/Capacitacion/Capacitacion RCP/certificate_carlos-alberto-hilario.pdf,RRHH,certificate_carlos-alberto-hilario.pdf,pdf,CERTIFIC,,Vigente/por validar,331029,2025-10-23T14:08:56,4678c3fbfd9edb7adc10bc9c25bd395a5f9779e49fdc8964f8d8dbf9947d3a27
RRHH/Capacitacion/Capacitacion RCP/certificate_claudia-moscarini.pdf,RRHH,certificate_claudia-moscarini.pdf,pdf,CERTIFIC,,Vigente/por validar,330975,2025-10-23T14:08:58,647bd5e9d3ea6e76975991f5f0f74675c965b2d0d1a7c040ab0aff20c93a0c32
RRHH/Capacitacion/Capacitacion RCP/certificate_daniel-finsterwald.pdf,RRHH,certificate_daniel-finsterwald.pdf,pdf,CERTIFIC,,Vigente/por validar,331101,2025-10-23T14:09:00,678d5d18fd1622e4f19b71c2ab97c69e1e786565a8680b3d7ded9141e7b02701
RRHH/Capacitacion/Capacitacion RCP/certificate_david-pablo-robles-ruiz.pdf,RRHH,certificate_david-pablo-robles-ruiz.pdf,pdf,CERTIFIC,,Vigente/por validar,331053,2025-10-23T14:09:05,6116aea836dd71038d920975b6f12cd32001c43c5415a6ecd7a15f2eae726932
RRHH/Capacitacion/Capacitacion RCP/certificate_diego-anselmi.pdf,RRHH,certificate_diego-anselmi.pdf,pdf,CERTIFIC,,Vigente/por validar,331042,2025-10-23T14:09:07,07a9c3f5daf1723351aa02ca9d77f73d1008cea65450287f734cee822eddc92c
RRHH/Capacitacion/Capacitacion RCP/certificate_ezequiel-giannone.pdf,RRHH,certificate_ezequiel-giannone.pdf,pdf,CERTIFIC,,Vigente/por validar,331078,2025-10-23T14:09:11,c5b50fd729c85fdd7a4edc5ff1d91e1b2f4047303913b7a36f93716147d3bc78
RRHH/Capacitacion/Capacitacion RCP/certificate_german-mario-anibal-medina.pdf,RRHH,certificate_german-mario-anibal-medina.pdf,pdf,CERTIFIC,,Vigente/por validar,331383,2025-10-23T14:09:12,1c08b40acbd31b388198a914a56f86ce37736b3411c36b92a483a2caea554a36
RRHH/Capacitacion/Capacitacion RCP/certificate_gonzalo-escarbajal.pdf,RRHH,certificate_gonzalo-escarbajal.pdf,pdf,CERTIFIC,,Vigente/por validar,331000,2025-10-23T14:09:14,46b0f1ee210cedbb365d038151b3b02ef50976325b577d07f2e1bf8216bd4e38
RRHH/Capacitacion/Capacitacion RCP/certificate_joaquin-arias.pdf,RRHH,certificate_joaquin-arias.pdf,pdf,CERTIFIC,,Vigente/por validar,331496,2025-10-23T14:09:15,cf8c72f47512c254509277092b9604bf3e954429400ce3148bb0a06e83388775
RRHH/Capacitacion/Capacitacion RCP/certificate_jorge-chipollini.pdf,RRHH,certificate_jorge-chipollini.pdf,pdf,CERTIFIC,,Vigente/por validar,331042,2025-10-23T14:09:17,6e4d877614af898619552a771ab8910380f9f86cd3dceaca5b42f557499b2a83
RRHH/Capacitacion/Capacitacion RCP/certificate_juliana-marcuzzi.pdf,RRHH,certificate_juliana-marcuzzi.pdf,pdf,CERTIFIC,,Vigente/por validar,330979,2025-10-23T14:09:21,be3c8bf1a03ec60b9f069398a2cee8ebbb16df2a02c9a4fe2fa9a7ca7162dc19
RRHH/Capacitacion/Capacitacion RCP/certificate_karina-pasquariello.pdf,RRHH,certificate_karina-pasquariello.pdf,pdf,CERTIFIC,,Vigente/por validar,330984,2025-10-23T14:09:22,5ca3a18ec2f6e2bb43abaac70591114d831ac63e25aee28332854403db252686
RRHH/Capacitacion/Capacitacion RCP/certificate_leonardo-ariel-castillo.pdf,RRHH,certificate_leonardo-ariel-castillo.pdf,pdf,CERTIFIC,,Vigente/por validar,331037,2025-10-23T14:09:24,ffda20d5571b5631046a6a6d9783afaa3ef97459cb65e2bbca29c9a1daa93ec4
RRHH/Capacitacion/Capacitacion RCP/certificate_lorena-elizabeth-franco.pdf,RRHH,certificate_lorena-elizabeth-franco.pdf,pdf,CERTIFIC,,Vigente/por validar,331058,2025-10-23T14:09:25,e60cc7039416bdd3d7826d2276592e1d1f2df7c5501a58873161a869b993d236
RRHH/Capacitacion/Capacitacion RCP/certificate_lucas-gomez.pdf,RRHH,certificate_lucas-gomez.pdf,pdf,CERTIFIC,,Vigente/por validar,331427,2025-10-23T14:09:26,9e53adee5d16ef390907a9e5732c8e7d408471e39c61130ac7a0dc2b64f5b671
RRHH/Capacitacion/Capacitacion RCP/certificate_nicolas-lohigorry.pdf,RRHH,certificate_nicolas-lohigorry.pdf,pdf,CERTIFIC,,Vigente/por validar,331003,2025-10-23T14:09:28,97df35527ed74d9cfaa4d9b23447e32781783b3888cdbe9b61be764b6dce8685
RRHH/Capacitacion/Capacitacion RCP/certificate_rodrigo-calo.pdf,RRHH,certificate_rodrigo-calo.pdf,pdf,CERTIFIC,,Vigente/por validar,331047,2025-10-23T14:09:29,ef270500c91c93056bba29388c2b3ade1153625be63c1fe93cea4eb7a4ef34a4
RRHH/Capacitacion/Capacitacion RCP/certificate_rodrigo-gomez.pdf,RRHH,certificate_rodrigo-gomez.pdf,pdf,CERTIFIC,,Vigente/por validar,331014,2025-10-23T14:09:31,68ef73c7ac1ef8fdb2b9f843aedb6e7ca47dcda277720207b1ab8ecb5d4755a6
RRHH/Capacitacion/Capacitacion RCP/certificate_sebastian-lezama.pdf,RRHH,certificate_sebastian-lezama.pdf,pdf,CERTIFIC,,Vigente/por validar,331040,2025-10-23T14:09:32,ad986505b41816a08fa44ad6bc248a9635cab4abe91c956d16a803b22c60bffb
RRHH/Capacitacion/Capacitacion RCP/certificate_virginia-lara-clavero.pdf,RRHH,certificate_virginia-lara-clavero.pdf,pdf,CERTIFIC,,Vigente/por validar,331008,2025-10-23T14:09:33,1ec49bfa1a10e7e9adb5a034a4888cf7c0ccf85aa78695fa32df1b7b120f9aa2
RRHH/Capacitacion/Capacitacion RCP/certificate_walter-ricartez.pdf,RRHH,certificate_walter-ricartez.pdf,pdf,CERTIFIC,,Vigente/por validar,330925,2025-10-23T14:09:35,25bdb2fcc7131ea7b0cfdfaafe7e1e73974a8fa5741493b2f7455521f0572a22
RRHH/Capacitacion/Capacitacion RCP/certificate_yanina-reynoso.pdf,RRHH,certificate_yanina-reynoso.pdf,pdf,CERTIFIC,,Vigente/por validar,330961,2025-10-23T14:09:39,4fdf69c6f68ba31b3bfdb5f225272877543330d4d7a332fe2162e08d3d649888
RRHH/Capacitacion/Capacitaciones CKD/Masivo CKD.pdf,RRHH,Masivo CKD.pdf,pdf,MASIVO,,Vigente/por validar,732622,2025-10-23T15:19:52,f0c5979bd360f4dc7fbcf8966979a2d60e01f826af6ce68a66918d49395616f9
RRHH/Capacitacion/Capacitaciones RUEDAS/Operacion Ruedas.jpg,RRHH,Operacion Ruedas.jpg,jpg,OPERACIO,,Vigente/por validar,132057,2025-10-23T15:35:24,e2e48deb2c2c245cd18cb229e19424b336d85df5583c0b23503bc79612d192dc
RRHH/Capacitacion/Capacitaciones RUEDAS/Operacion ruedas 2.jpg,RRHH,Operacion ruedas 2.jpg,jpg,OPERACIO,,Vigente/por validar,193459,2025-10-23T15:39:11,bc939a4b4e92a6e8377988252c019908560387db22a24bfedee11d367b482358
RRHH/Capacitacion/Capacitaciones RUEDAS/Thumbs.db,RRHH,Thumbs.db,db,THUMBS,,Vigente/por validar,19968,2025-11-18T14:35:52,e6ef2ea8f141e20c546c330462b5a74a51dc95780f36d731d6e64b6bce9cd7aa
RRHH/Capacitacion/Castillo IRAM/Leonardo Castillo - IRAM.jpeg,RRHH,Leonardo Castillo - IRAM.jpeg,jpeg,LEONARDO,,Vigente/por validar,157400,2025-10-23T15:31:29,55855fa7b6aac61a4cb48b8b099a6b23da9c1e290fa26a7723ea9b77805c2c29
RRHH/Capacitacion/Castillo IRAM/Thumbs.db,RRHH,Thumbs.db,db,THUMBS,,Vigente/por validar,13312,2025-11-17T13:14:12,478bbd812ce614607041bda53b15fdf3693b290e931f066a169ac47e0febd1b5
RRHH/Capacitacion/Cronograma de Capacitaciones - DADA S.A..xls,RRHH,Cronograma de Capacitaciones - DADA S.A..xls,xls,CRONOGRA,S,Vigente/por validar,9364480,2025-10-23T15:52:15,36fe8484cc7a263cc8627520df7cb00bc8ae5b69c0fee3e8bac8ebb1b1ecdb74
RRHH/Capacitacion/Registro capacitacion CKD Tratamiento VCI.doc,RRHH,Registro capacitacion CKD Tratamiento VCI.doc,doc,REGISTRO,,Vigente/por validar,49152,2025-10-22T16:34:16,d8823105fc33ff97f4d782c243545ba994f2ff133dba04b91e61e7a62ac4e534
RRHH/Capacitacion/Registro capacitacion CKD USO DE HERRAMIENTAS.doc,RRHH,Registro capacitacion CKD USO DE HERRAMIENTAS.doc,doc,REGISTRO,,Vigente/por validar,49152,2025-10-22T16:35:21,c242b8403b0b9619f20c0bc4d533cec8ee924cb67d10d8165a818d4a9a01f7bb
RRHH/Capacitacion/Registro capacitacion CKD armado de cajas.doc,RRHH,Registro capacitacion CKD armado de cajas.doc,doc,REGISTRO,,Vigente/por validar,49152,2025-10-22T16:31:14,595e0e50aa38cab74d5b4a8db500403b317c332e11ad9092182098931de6b8d5
RRHH/Cronograma de Capacitaciones - DADA S.A..xls,RRHH,Cronograma de Capacitaciones - DADA S.A..xls,xls,CRONOGRA,S,Vigente/por validar,9364480,2025-10-23T15:52:15,34fe9045b68d4fc96f506a0fa242a276144bd00fa985bab0f7991638c28f615d
RRHH/F-RH-04 B Cronograma de Capacitaciones - DADA S.A. RUEDAS - copia.xls,RRHH,F-RH-04 B Cronograma de Capacitaciones - DADA S.A. RUEDAS - copia.xls,xls,F-RH-04,F,Vigente/por validar,26849280,2025-11-18T13:07:25,737493497325150b6732a9aeccd953813a3860bc61fd9ed3cf3bafa403240d1c
RRHH/F-RH-04 B Cronograma de Capacitaciones - DADA S.A. RUEDAS.xls,RRHH,F-RH-04 B Cronograma de Capacitaciones - DADA S.A. RUEDAS.xls,xls,F-RH-04,F,Vigente/por validar,9359360,2025-11-14T15:16:25,1b25fa50fe474901f80517ec0e5a5f6341af7d35bf0f5da557acd6f3262818c4
RRHH/IRH-8_A_MANUAL_DE_CODIGO_DE_ETICA.DOCX,RRHH,IRH-8_A_MANUAL_DE_CODIGO_DE_ETICA.DOCX,docx,IRH-8,A,Vigente/por validar,48596,2025-11-16T09:19:03,0899cef7fbd5367b4ae5894d2911c1eb704229b137d8f4866042f12dcca720bb
RRHH/MOTIVACIÓN - enc clima + ausentismo/ENCUESTA DE CLIMA LABORAL 2025/ENCUESTA DE CLIMA LABORAL 2025 (Respuestas).xlsx,RRHH,ENCUESTA DE CLIMA LABORAL 2025 (Respuestas).xlsx,xlsx,ENCUESTA,,Vigente/por validar,35862,2025-10-21T14:31:15,71f5d80beb043f7ca6d3bc3101e05369d404a148a96ffdc6c5219dcd7e7a83e4
RRHH/MOTIVACIÓN - enc clima + ausentismo/ENCUESTA DE CLIMA LABORAL 2025/Encuesta de Clima Laboral 2025 - DADA.pptx,RRHH,Encuesta de Clima Laboral 2025 - DADA.pptx,pptx,ENCUESTA,,Vigente/por validar,3915988,2025-11-18T15:36:26,51b8fddbac92f72958c06fb03e1abcd8f3168fe04cfceb5c6e934ce8883c7a2d
RRHH/MOTIVACIÓN - enc clima + ausentismo/ENCUESTA DE CLIMA LABORAL 2025/Encuesta de Clima Laboral 2025 - QR.docx,RRHH,Encuesta de Clima Laboral 2025 - QR.docx,docx,ENCUESTA,,Vigente/por validar,38648,2025-10-14T16:02:27,9457bf1a54d684ba8826fb30211ca94dd2d3cc8b1a7b785c4db739d1a8c15bc9
RRHH/MOTIVACIÓN - enc clima + ausentismo/ENCUESTA DE CLIMA LABORAL 2025/QR encuesta de clima.png,RRHH,QR encuesta de clima.png,png,QR,,Vigente/por validar,17230,2025-10-14T15:38:14,87774ffd421ca05b391da4b8972a6bbe246d516f6075a54d4ee3a6fc040d7188
RRHH/MOTIVACIÓN - enc clima + ausentismo/ENCUESTA DE CLIMA LABORAL 2025/Resumen encuesta clima 2024.pptx,RRHH,Resumen encuesta clima 2024.pptx,pptx,RESUMEN,,Vigente/por validar,4058208,2025-10-16T13:17:56,95dc25adb99e03eb02459e287c714b9749917a504bde010a367aa70d22a84014
RRHH/MOTIVACIÓN - enc clima + ausentismo/ENCUESTA DE CLIMA LABORAL 2025/Thumbs.db,RRHH,Thumbs.db,db,THUMBS,,Vigente/por validar,27136,2025-11-18T14:53:59,1df4d356a04b5980f19c324fee3f0a356aea1c74bec2489be367b127effc7466
RRHH/MOTIVACIÓN - enc clima + ausentismo/INDICADOR DE AUSENTISMO RUEDAS/2025 INDICADOR DE AUSENTISMO RUEDAS.xlsx,RRHH,2025 INDICADOR DE AUSENTISMO RUEDAS.xlsx,xlsx,,,Vigente/por validar,23957,2025-11-12T16:41:27,bbc1b80dffbfd6f49253d0a0ba032e1594fe07e77b9e53d3b592d02eed72f158
RRHH/MOTIVACIÓN - enc clima + ausentismo/INDICADOR DE AUSENTISMO RUEDAS/GRÁFICO INDICADOR DE AUSENTISMO RUEDAS ENE-OCT 2025.pdf,RRHH,GRÁFICO INDICADOR DE AUSENTISMO RUEDAS ENE-OCT 2025.pdf,pdf,GRA,,Vigente/por validar,61262,2025-11-12T16:39:59,a67e2efb74ce6f5e4e9fc89196bd68060851823e174f697dfcb0a7a64916359f
RRHH/MP-RH-01_Mapa_de_procesos.xlsx,RRHH,MP-RH-01_Mapa_de_procesos.xlsx,xlsx,MP-RH-01,,Vigente/por validar,47881,2025-08-05T15:55:17,e6e7700f95ed3bd51e2862b0bfdb9850808efa45746d5360693ca702e308b8b0
RRHH/Matriz de Polivalencia - DADA.xlsx,RRHH,Matriz de Polivalencia - DADA.xlsx,xlsx,MATRIZ,,Vigente/por validar,3143192,2026-01-19T10:57:07,c0643312f3f038e59aa84a178a4688ae1dcf1c50dfedc6786d7c5ddd0f9d259f
RRHH/ORGANIGRAMA FINAL OK/Organigrama.G 2025 nov 25 FINAL V2.pdf,RRHH,Organigrama.G 2025 nov 25 FINAL V2.pdf,pdf,ORGANIGR,,Vigente/por validar,134244,2025-11-18T10:40:11,0044addfbe5d4c998b2cb8a3700aed66750c8deb0d7d75a43ab9cc4ead23900a
RRHH/ORGANIGRAMA FINAL OK/Organigrama.G 2025 nov 25.vsdx,RRHH,Organigrama.G 2025 nov 25.vsdx,vsdx,ORGANIGR,,Vigente/por validar,533714,2025-11-18T10:40:26,2b20ccfc79783b1066f3b5ee7f93e42f7e9c21df5f365c7bf5624deeef0cfef1
RRHH/ORGANIGRAMA FINAL OK/Organigrama.H SIN 2026 Ene OK V2.vsdx,RRHH,Organigrama.H SIN 2026 Ene OK V2.vsdx,vsdx,ORGANIGR,,Vigente/por validar,526446,2026-02-20T10:35:46,8be825518eb3151b54abf22bf6a4f62df60d82975a319eb8b648c93856620857
RRHH/ORGANIGRAMA FINAL OK/Thumbs.db,RRHH,Thumbs.db,db,THUMBS,,Vigente/por validar,11264,2025-11-16T09:07:05,f2550cde4f77218dbf5abbda38c7cfdd29a4540235172c03b77528616430436c
RRHH/Obsoletos/FRH-07_A_Resultados_Encuestas_de_Clima_2017.xls,RRHH,FRH-07_A_Resultados_Encuestas_de_Clima_2017.xls,xls,FRH-07,A,Obsoleto,581120,2025-08-05T15:55:21,d79c802986a1af5d83ecef2bb153219ac8c544da7a5dd47a44bdd365dc960acb
RRHH/Obsoletos/P-SG-18_D_Procedimiento_Comunicación(1).doc,RRHH,P-SG-18_D_Procedimiento_Comunicación(1).doc,doc,P-SG-18,P,Obsoleto,93696,2025-08-05T15:55:15,6624aadb687585521758dbb1aee386e9f717379cf8e75c034cde4adfa51a5336
RRHH/Obsoletos/P-SG-18_E_Procedimiento_Comunicación_interna_y_externa.doc,RRHH,P-SG-18_E_Procedimiento_Comunicación_interna_y_externa.doc,doc,P-SG-18,P,Obsoleto,96768,2025-08-05T15:55:19,4a442a582dcc4c54643a0955854e7a455cfe5e43fd85a59a7cb03fc4ddaacd1e
RRHH/Obsoletos/PSG-19_Formacion_D(1).doc,RRHH,PSG-19_Formacion_D(1).doc,doc,PSG-19,D,Obsoleto,87040,2025-08-05T15:55:16,0d75811e357c7d7fd9861de093b3a1eae0bac0ce1636158e2b5fd274a9851a6b
RRHH/Organigrama.G 2025 nov 25.vsdx,RRHH,Organigrama.G 2025 nov 25.vsdx,vsdx,ORGANIGR,,Vigente/por validar,533844,2025-12-18T13:48:01,5a8022b250ff5bd6c96523270e7f747d831b87f4e4776d777ff1eb40cd1306d7
RRHH/Organigrama.H 2026 Ene.vsdx,RRHH,Organigrama.H 2026 Ene.vsdx,vsdx,ORGANIGR,,Vigente/por validar,533854,2026-01-20T11:59:34,2d706695633ca5d628eb10ba97ada1974287efcafd79bd7030ef8de2b98fe1c2
RRHH/Organigrama.H SIN 2026 Ene OK V2.vsdx,RRHH,Organigrama.H SIN 2026 Ene OK V2.vsdx,vsdx,ORGANIGR,,Vigente/por validar,526446,2026-02-20T10:35:46,8be825518eb3151b54abf22bf6a4f62df60d82975a319eb8b648c93856620857
RRHH/Organigrama.H SIN 2026 Ene.vsdx,RRHH,Organigrama.H SIN 2026 Ene.vsdx,vsdx,ORGANIGR,,Vigente/por validar,530630,2026-02-20T10:02:58,6fb63f6a744766ad95bb8b398119b4bbab530cce50d6a037b7a3151493cd9966
RRHH/PLAN DE CAPACITACIONES 2026 RUEDAS/Cronograma de Capacitaciones 2026 RUEDAS.xls,RRHH,Cronograma de Capacitaciones 2026 RUEDAS.xls,xls,CRONOGRA,,Vigente/por validar,132608,2025-11-18T10:56:20,95b5aa8bb6c5690d1e4b280b2be446172bc6a15d844758ce746dd73a81630af0
RRHH/POLIVALENCIA/Matriz de Polivalencia - DADA.xlsx,RRHH,Matriz de Polivalencia - DADA.xlsx,xlsx,MATRIZ,,Vigente/por validar,2991090,2025-11-14T15:07:26,ba66b9abb8f52ae0cbeb73c5c9bfef667b7c0521bf8de2638302ea00f120f2cf
RRHH/PROCEDIMIENTO EVALUACIÓN DE DESEMPEÑO.doc,RRHH,PROCEDIMIENTO EVALUACIÓN DE DESEMPEÑO.doc,doc,PROCEDIM,,Vigente/por validar,163328,2024-11-19T16:23:07,68eca39ffd6c6b1a329e87e62abe04ecb9a73053e94be77518b61df04c303390
RRHH/PROCEDIMIENTOS Y COMUNICADOS DADA/Borrador vacaciones.docx,RRHH,Borrador vacaciones.docx,docx,BORRADOR,,Vigente/por validar,17902,2025-06-06T16:11:16,70b6b0a13de0c80f83d01df1116f9c22749884da35c722b547154f6e4f5e9963
RRHH/PROCEDIMIENTOS Y COMUNICADOS DADA/COMUNICADOS ENVIADOS/Comunicado interno - 17-10-25 Feliz día de la madre.png,RRHH,Comunicado interno - 17-10-25 Feliz día de la madre.png,png,COMUNICA,,Vigente/por validar,209775,2025-10-17T16:45:00,c051c1f67a6d874a41ff0421c760beaf023637719e564f040f749d5eaf8ff7a1
RRHH/PROCEDIMIENTOS Y COMUNICADOS DADA/COMUNICADOS ENVIADOS/Comunicado interno - 17-11 Cáncer de pulmón infografía.png,RRHH,Comunicado interno - 17-11 Cáncer de pulmón infografía.png,png,COMUNICA,,Vigente/por validar,267718,2025-11-17T12:31:04,0b313d2f8f6dda0bda503e434610b401d0462ab4b1398bb67b6fa107723dea70
RRHH/PROCEDIMIENTOS Y COMUNICADOS DADA/COMUNICADOS ENVIADOS/Comunicado interno - CERTIFICADOS MEDICOS.docx,RRHH,Comunicado interno - CERTIFICADOS MEDICOS.docx,docx,COMUNICA,,Vigente/por validar,17265,2025-06-09T15:23:00,e6df3ec3b23281abbedf8654937261d12991ec612cbc43fd4443619d5f8e1b03
RRHH/PROCEDIMIENTOS Y COMUNICADOS DADA/COMUNICADOS ENVIADOS/Comunicado interno - ENCUESTA DE CLIMA LABORAL 2025 - QR.docx,RRHH,Comunicado interno - ENCUESTA DE CLIMA LABORAL 2025 - QR.docx,docx,COMUNICA,,Vigente/por validar,38648,2025-11-13T11:57:00,9457bf1a54d684ba8826fb30211ca94dd2d3cc8b1a7b785c4db739d1a8c15bc9
RRHH/PROCEDIMIENTOS Y COMUNICADOS DADA/COMUNICADOS ENVIADOS/Comunicado interno - RESULTADOS AUDITORÍA ISO 9001-2015.pdf,RRHH,Comunicado interno - RESULTADOS AUDITORÍA ISO 9001-2015.pdf,pdf,COMUNICA,,Vigente/por validar,234349,2025-11-13T12:00:31,86309981e2b2394d09ae9f4af761ef5d3f9611f0336e271128f317389c047cb2
RRHH/PROCEDIMIENTOS Y COMUNICADOS DADA/COMUNICADOS ENVIADOS/Comunicado interno 19-10-2025 OCTUBRE ROSA - CÁNCER DE MAMA.jpeg,RRHH,Comunicado interno 19-10-2025 OCTUBRE ROSA - CÁNCER DE MAMA.jpeg,jpeg,COMUNICA,,Vigente/por validar,132700,2025-11-13T10:58:00,cb2d7ce5be15031b5a43624e2be8ccd712bf7becd053044a10d0adcf4bc244e8
RRHH/PROCEDIMIENTOS Y COMUNICADOS DADA/IRH-001_Procedimiento_Encuesta_de_Clima_B.doc,RRHH,IRH-001_Procedimiento_Encuesta_de_Clima_B.doc,doc,IRH-001,B,Vigente/por validar,167936,2025-11-16T09:11:33,c423c742a85359c083802ebdbbf562ed35c191bbeaf284fa1d70f130bf992dc5
RRHH/PROCEDIMIENTOS Y COMUNICADOS DADA/IRH-002_Procedimiento_Motivación.doc,RRHH,IRH-002_Procedimiento_Motivación.doc,doc,IRH-002,,Vigente/por validar,166400,2025-11-16T09:13:30,1cc7fbfe975631e573ea3518158a2aa36effa6852309932b06e7ec369b2a53b9
RRHH/PROCEDIMIENTOS Y COMUNICADOS DADA/IRH-006_Reglamento_interno_B.doc,RRHH,IRH-006_Reglamento_interno_B.doc,doc,IRH-006,B,Vigente/por validar,133120,2025-11-16T09:16:48,aa332dfe0365e11600a4e0e48514abac2920736af734422ec0bfe6e0a12dc59d
RRHH/PROCEDIMIENTOS Y COMUNICADOS DADA/P-RH- 03 PROCEDIMIENTO ANTE ACCIDENTES LABORALES – ART.DOCX,RRHH,P-RH- 03 PROCEDIMIENTO ANTE ACCIDENTES LABORALES – ART.DOCX,docx,P-RH,P,Vigente/por validar,943708,2025-06-05T16:27:35,a088d8ffae29fc4576b21cf90990ef5af9c08f3f73874ab767337b0c97d1c3c5
RRHH/PROCEDIMIENTOS Y COMUNICADOS DADA/P-SG-18_F_Procedimiento_Comunicacion_interna_y_externa_1_.doc,RRHH,P-SG-18_F_Procedimiento_Comunicacion_interna_y_externa_1_.doc,doc,P-SG-18,P,Vigente/por validar,98816,2025-08-05T15:55:15,7bf1f725e43eda9ce72738afe711563906742cd721c315075812555aa22e43cc
RRHH/PROCEDIMIENTOS Y COMUNICADOS DADA/PROCEDIMIENTO - ENVIO DE CERTIFICADOS MEDICOS.docx,RRHH,PROCEDIMIENTO - ENVIO DE CERTIFICADOS MEDICOS.docx,docx,PROCEDIM,,Vigente/por validar,16870,2025-08-05T09:58:34,2869f90f724d551b4faac11c0b1ea4a469e382abddae609c4d05c950e3542bb6
RRHH/PROCEDIMIENTOS Y COMUNICADOS DADA/PROCEDIMIENTO ANTE ACCIDENTES LABORALES.docx,RRHH,PROCEDIMIENTO ANTE ACCIDENTES LABORALES.docx,docx,PROCEDIM,,Vigente/por validar,27044,2025-06-04T13:55:59,064bcfed4cb85e0a6e3029104adc4e3e960a979a3911337ddd9610719660b406
RRHH/PROCEDIMIENTOS Y COMUNICADOS DADA/PROCEDIMIENTO DE HORARIOS Y JUSTIFICACIÓN DE AUSENCIAS (Puntos que envio Andrea).docx,RRHH,PROCEDIMIENTO DE HORARIOS Y JUSTIFICACIÓN DE AUSENCIAS (Puntos que envio Andrea).docx,docx,PROCEDIM,Y,Vigente/por validar,19170,2025-06-09T15:22:45,706fc4e2107cc6dcaffc51a0228ba7116e945171fa1112d062e387fe454991cb
RRHH/PROCEDIMIENTOS Y COMUNICADOS DADA/PROCEDIMIENTO PARTE DE NOVEDADES.docx,RRHH,PROCEDIMIENTO PARTE DE NOVEDADES.docx,docx,PROCEDIM,,Vigente/por validar,20538,2025-06-04T14:24:01,a602271ce1873ae73cb3b0185aa06d426a475acce8fffafda30bbabe84a855f3
RRHH/PROCEDIMIENTOS Y COMUNICADOS DADA/PROCEDIMIENTO VACACIONES.docx,RRHH,PROCEDIMIENTO VACACIONES.docx,docx,PROCEDIM,,Vigente/por validar,17948,2025-06-06T16:10:51,d5f6a36e5d9ed0b391760fe58cf67bca7d7aeba57632105334dc6186f4418be8
RRHH/PROCEDIMIENTOS Y COMUNICADOS DADA/PSG-19_Formacion_E(1).doc,RRHH,PSG-19_Formacion_E(1).doc,doc,PSG-19,E,Vigente/por validar,88064,2025-11-16T09:24:01,80463efc8b64d1dbc0f1d54b1bf93c0c02dcd497a24b8988a868cdfaf10f1106
RRHH/PROCEDIMIENTOS Y COMUNICADOS DADA/Procedimiento Selección de Personal/Copia de IRH-001 Anexo I Requerimiento Personal C.xls,RRHH,Copia de IRH-001 Anexo I Requerimiento Personal C.xls,xls,COPIA,I,Vigente/por validar,135680,2023-09-07T12:05:35,27b51d915402cde9d7f882b2c8c9e5e78e2867b1dba383bd8ae76c1f0bd96640
RRHH/PROCEDIMIENTOS Y COMUNICADOS DADA/Procedimiento Selección de Personal/IRH-001 Anexo I Requerimiento Personal B.xls,RRHH,IRH-001 Anexo I Requerimiento Personal B.xls,xls,IRH-001,I,Vigente/por validar,121856,2012-10-11T13:34:06,59fbb31eed2fe75ee04257ddce6459f895b40de5b65e9e8197188c968be7c58b
RRHH/PROCEDIMIENTOS Y COMUNICADOS DADA/Procedimiento Selección de Personal/IRH-001 Anexo I Requerimiento Personal C.xls,RRHH,IRH-001 Anexo I Requerimiento Personal C.xls,xls,IRH-001,I,Vigente/por validar,135680,2015-02-12T15:33:52,3d611553e352d41c7f15e605f8d9b6510bfc9d062d5272b7256a3a60160b7249
RRHH/PROCEDIMIENTOS Y COMUNICADOS DADA/Procedimiento Selección de Personal/IRH-001 Anexo II Informe de Entrevista.xls,RRHH,IRH-001 Anexo II Informe de Entrevista.xls,xls,IRH-001,,Vigente/por validar,111616,2012-07-04T08:44:28,6516be30097f7628c8da11b13c26a17c95d36f65ca2bf29e2f76593bb2539a28
RRHH/PROCEDIMIENTOS Y COMUNICADOS DADA/Procedimiento Selección de Personal/IRH-001 Anexo III Niveles de Seleccion.doc,RRHH,IRH-001 Anexo III Niveles de Seleccion.doc,doc,IRH-001,,Vigente/por validar,333824,2013-12-16T14:45:56,56641a9f3d46cca6d2c5117ec81181465640a29d0e8d653ac7d9359ca48bcad1
RRHH/PROCEDIMIENTOS Y COMUNICADOS DADA/Procedimiento Selección de Personal/IRH-001 IV Estructura Salarial y Condiciones de Ingreso.xls,RRHH,IRH-001 IV Estructura Salarial y Condiciones de Ingreso.xls,xls,IRH-001,Y,Vigente/por validar,112640,2013-12-16T14:50:36,b7282782b4014461f66eeb8f40557323bdcbc7ba249d27c06603c2e92d4db32e
RRHH/PROCEDIMIENTOS Y COMUNICADOS DADA/Procedimiento Selección de Personal/IRH-001 Procedimiento de Selección de Personal.doc,RRHH,IRH-001 Procedimiento de Selección de Personal.doc,doc,IRH-001,,Vigente/por validar,320000,2013-12-16T14:50:58,aea30d3db64fb10fc3cc097b215253faca9b2c7b72432d8dc48a406ac3cebc65
RRHH/PROCEDIMIENTOS Y COMUNICADOS DADA/Procedimiento Selección de Personal/Proceso de Selección (Flujograma).pdf,RRHH,Proceso de Selección (Flujograma).pdf,pdf,PROCESO,,Vigente/por validar,210664,2013-11-21T17:27:50,b14184f0063f6f7be7a9f1773c4e39734922bbb43980ab7f03c61a31c0cc9148
RRHH/PROCEDIMIENTOS Y COMUNICADOS DADA/Procedimiento Selección de Personal/Proceso de Selección (Flujograma).vsd,RRHH,Proceso de Selección (Flujograma).vsd,vsd,PROCESO,,Vigente/por validar,170496,2013-10-18T16:54:42,0d8e77fcacfa99b466adb8c092898417e60ca5c725cd6bdde319566c0cea2813
RRHH/PROCEDIMIENTOS Y COMUNICADOS DADA/Procedimiento Selecion y estudios medicos.docx,RRHH,Procedimiento Selecion y estudios medicos.docx,docx,PROCEDIM,Y,Vigente/por validar,17107,2025-06-27T17:01:18,329ff0786dc4bcea3ec5d4cd1033f8a8799d8c3d38b37c0bf3ec895239f648b2
RRHH/PROCEDIMIENTOS Y COMUNICADOS DADA/~$OCEDIMIENTO PARTE DE NOVEDADES.docx,RRHH,~$OCEDIMIENTO PARTE DE NOVEDADES.docx,docx,,,Vigente/por validar,162,2025-06-04T13:57:30,ee2d8a7531685a908e5e98d0519b44c5f985da5f8bf5185fb42c0ff5d2d98bb2
RRHH/Perfiles de puesto/F-01 CEO B.DOC,RRHH,F-01 CEO B.DOC,doc,F-01,F,Vigente/por validar,68608,2020-12-21T12:20:05,f110e66b0f663106bbe03aed253160a00589b5061309c44b45174de91c8284f9
RRHH/Perfiles de puesto/F-01 Gerente general C.DOC,RRHH,F-01 Gerente general C.DOC,doc,F-01,F,Vigente/por validar,76288,2024-06-18T14:58:32,ac9ce107c5df35a341f79d4f9d2e33ab785fb7fe8dea1b8d407b2f138639ca49
RRHH/Perfiles de puesto/F-03 Contrataciones F.doc,RRHH,F-03 Contrataciones F.doc,doc,F-03,F,Vigente/por validar,50688,2024-07-10T10:43:40,9659418deff343f9e0e397c0a7ab5f4ebe096a568e9e5a895eb598399992a385
RRHH/Perfiles de puesto/F-03 Responsable Compras y Contrataciones F.doc,RRHH,F-03 Responsable Compras y Contrataciones F.doc,doc,F-03,F,Vigente/por validar,52224,2020-12-21T12:24:33,665fb0983f0cbcf7c9b3eaa33428804e1a7bca0b21ea97f25fd9b946e5e38195
RRHH/Perfiles de puesto/F-04 B Gerente de Administración y Finanzas.doc,RRHH,F-04 B Gerente de Administración y Finanzas.doc,doc,F-04,F,Vigente/por validar,73216,2024-06-19T13:57:09,ef2f773730e923b702bb9d09a876c2775e1d522768b310b9ab47150dc17f732a
RRHH/Perfiles de puesto/F-04 Gerente de Administración y Finanzas.doc,RRHH,F-04 Gerente de Administración y Finanzas.doc,doc,F-04,F,Vigente/por validar,76288,2010-06-15T16:25:30,99436a4657755359f1b1866dff52360af20a008b290d94923c3744d579fd87eb
RRHH/Perfiles de puesto/F-05 Gerente de Recursos Humanos.doc,RRHH,F-05 Gerente de Recursos Humanos.doc,doc,F-05,F,Vigente/por validar,74752,2010-06-11T10:50:22,378f58e5275e6f8a7082a726d9ee8aa9316cd1f1c4525666a44a1786a7ebe2ea
RRHH/Perfiles de puesto/F-06 Gerente de sistemas E.doc,RRHH,F-06 Gerente de sistemas E.doc,doc,F-06,F,Vigente/por validar,71168,2024-06-19T13:30:55,785cbb4c7afd1bcfdf16b9fa0b29b1d23814bef6f1a88a3ecc354605a45f85b1
RRHH/Perfiles de puesto/F-07 Asistente de Recursos Humanos D.doc,RRHH,F-07 Asistente de Recursos Humanos D.doc,doc,F-07,F,Vigente/por validar,71680,2020-12-21T12:26:06,18424e31c5b0483724ce8a7a6351634362435f8d668c48e4ef62dbeff38d46f8
RRHH/Perfiles de puesto/F-10 Pago a proveedores D.doc,RRHH,F-10 Pago a proveedores D.doc,doc,F-10,F,Vigente/por validar,72704,2024-07-10T11:39:27,03da5e779264e6a2cc715a4fed86d1b3d4e90696721ed033b3ee90c73a41d754
RRHH/Perfiles de puesto/F-11 Responsable Procesos y Calidad operativa D.doc,RRHH,F-11 Responsable Procesos y Calidad operativa D.doc,doc,F-11,F,Vigente/por validar,76800,2024-07-10T11:39:48,25c975347895f42e67b54dad80b9acb61e9e2319d5948853f7d0d6a3c5c9ff47
RRHH/Perfiles de puesto/F-13 B Jefe de operaciones.doc,RRHH,F-13 B Jefe de operaciones.doc,doc,F-13,F,Vigente/por validar,73216,2024-06-19T15:20:45,066ef4e5acbc2e7b219e751383af917759336a6ba45b16e5f03f63b3a4cd2211
RRHH/Perfiles de puesto/F-13 Jefe de operaciones.doc,RRHH,F-13 Jefe de operaciones.doc,doc,F-13,F,Vigente/por validar,78336,2010-06-18T11:51:18,05ab6e2c54a37a1238f1e156f9b8d32dd04f47b3771b580dacc1fae6a8cc32dc
RRHH/Perfiles de puesto/F-15 Desarrollo de negocios F.doc,RRHH,F-15 Desarrollo de negocios F.doc,doc,F-15,F,Vigente/por validar,75776,2020-12-21T12:29:12,c38db24cf700c7a02be79a5efe1158a4fef03409d16ef45ff79bbd784ac9ee90
RRHH/Perfiles de puesto/F-16 Gerente Comercial D.DOC,RRHH,F-16 Gerente Comercial D.DOC,doc,F-16,F,Vigente/por validar,73728,2024-06-19T11:53:47,63b6a836620e2300dddc539082edaaf02ff70ae0ec5c6bee98149526b28e2a8d
RRHH/Perfiles de puesto/F-17 Líder de Secuenciado Ruedas C.DOC,RRHH,F-17 Líder de Secuenciado Ruedas C.DOC,doc,F-17,F,Vigente/por validar,74240,2020-12-21T12:30:26,f157760f8ff3eddc44648818d41bb3e09c1d9e56926c784c81eeeeee7fba06b7
RRHH/Perfiles de puesto/F-18 Autoelevadorista C.DOC,RRHH,F-18 Autoelevadorista C.DOC,doc,F-18,F,Vigente/por validar,65536,2020-12-21T12:31:29,c925f2135d2b0ef690ac8573a9f81906253013bd684b26fd12d97c8a5ff34eff
RRHH/Perfiles de puesto/F-19 A Analista Comercial.doc,RRHH,F-19 A Analista Comercial.doc,doc,F-19,F,Vigente/por validar,68608,2024-06-19T15:30:03,939ed788813b0836ba313abc6e2c53e75c47e0b87b09dba4c853288bbc09e271
RRHH/Perfiles de puesto/F-19 Analista Comercial.doc,RRHH,F-19 Analista Comercial.doc,doc,F-19,F,Vigente/por validar,72704,2010-06-17T12:17:02,7c6c9717d9b83006933da712cdc2684904816ed222958eabafcb5d78d183d973
RRHH/Perfiles de puesto/F-20 Control de gestion D.doc,RRHH,F-20 Control de gestion D.doc,doc,F-20,F,Vigente/por validar,69120,2024-06-24T09:40:18,da649badedca757376db85f58b01143c0ba7e67aa57fb8b660afa882dbabd5e9
RRHH/Perfiles de puesto/F-22 B Supervisor Operativo.docx,RRHH,F-22 B Supervisor Operativo.docx,docx,F-22,F,Vigente/por validar,35000,2024-06-24T11:53:15,36ca3bf7a222f639ad0df0e75aa262101f83b4a7a7b903bf5bbda5f4c42c316c
RRHH/Perfiles de puesto/F-23 Supervisor procesos y calidad operativa E.DOC,RRHH,F-23 Supervisor procesos y calidad operativa E.DOC,doc,F-23,F,Vigente/por validar,75264,2020-12-21T12:32:50,62f9a540e3a036530965580365a12b9765148fa2175ba95b5e11e3a2b6a21db8
RRHH/Perfiles de puesto/F-26 Ingeniero de proyectos F.doc,RRHH,F-26 Ingeniero de proyectos F.doc,doc,F-26,F,Vigente/por validar,79360,2020-12-21T12:34:16,524b429a22118481057d5647ac6ca5fd7cce9d95c2f91d162d25a201c93fd261
RRHH/Perfiles de puesto/F-27 Residente C.DOC,RRHH,F-27 Residente C.DOC,doc,F-27,F,Vigente/por validar,70144,2020-12-21T12:16:00,60fda2452407019af21f2bb86acd8dbebb2d8030984a98b9f0e27a6598af8677
RRHH/Perfiles de puesto/F-27 Residente E.doc,RRHH,F-27 Residente E.doc,doc,F-27,F,Vigente/por validar,71168,2016-09-24T11:26:20,02f5786a37a042e177b4be3b5cbb0b019a0ba3ebe91159ca37e6e0c9afd55229
RRHH/Perfiles de puesto/F-29 Inspector procesos y calidad operativa E - copia.doc,RRHH,F-29 Inspector procesos y calidad operativa E - copia.doc,doc,F-29,F,Vigente/por validar,77312,2024-09-05T09:40:51,052f7ee02efe88d9279b06cf17254213a4611e16c649f2269fe1e4faa6e7124d
RRHH/Perfiles de puesto/F-29 Inspector procesos y calidad operativa E.doc,RRHH,F-29 Inspector procesos y calidad operativa E.doc,doc,F-29,F,Vigente/por validar,77312,2024-09-05T09:40:51,052f7ee02efe88d9279b06cf17254213a4611e16c649f2269fe1e4faa6e7124d
RRHH/Perfiles de puesto/F-31 Analista contable B.DOC,RRHH,F-31 Analista contable B.DOC,doc,F-31,F,Vigente/por validar,74240,2024-06-24T10:58:29,59eb6f5e24372081dcf6320e4b71903d9924d4412a1c1cbc627de13c33c26ccd
RRHH/Perfiles de puesto/F-32 Administracion B.DOC,RRHH,F-32 Administracion B.DOC,doc,F-32,F,Vigente/por validar,72192,2020-12-21T12:16:00,4c87221d8eaa4102e4e882e04bde8dbd6d320cf8453f1681d303c904a57b162d
RRHH/Perfiles de puesto/F-34 Responsable Administrativo de RRHH C.doc,RRHH,F-34 Responsable Administrativo de RRHH C.doc,doc,F-34,F,Vigente/por validar,66048,2020-12-21T12:37:15,68fd007e45c89d238dd4ccfd15ac96469353f7ba29de165ec340e715b10a94e3
RRHH/Perfiles de puesto/F-35 Supervisor procesos y calidad operativa Cordoba E.doc,RRHH,F-35 Supervisor procesos y calidad operativa Cordoba E.doc,doc,F-35,F,Vigente/por validar,77824,2020-12-21T12:34:59,99d4359e05f15fb7dcf86562eb616213f1367ed29dc439e9692fc386b3b4f006
RRHH/Perfiles de puesto/F-36 Lider de operacion C.DOC,RRHH,F-36 Lider de operacion C.DOC,doc,F-36,F,Vigente/por validar,65536,2024-09-05T09:25:21,f7d0a64825549fecd3f96952653e4f2147aa4438c02334e7e58905abb50991f1
RRHH/Perfiles de puesto/F-37 Encargado de  Mantenimiento B.DOC,RRHH,F-37 Encargado de  Mantenimiento B.DOC,doc,F-37,F,Vigente/por validar,75776,2020-12-21T12:16:00,af52a8275a85e2f34a3b4d2e763f31883d120d8e64e135bf5e9aeec62c167f15
RRHH/Perfiles de puesto/F-37 Encargado de  Mantenimiento D.DOC,RRHH,F-37 Encargado de  Mantenimiento D.DOC,doc,F-37,F,Vigente/por validar,75776,2020-12-21T12:16:00,c75d69af34d01dd3c435a9dd57bee3ae989b910860e26efe685cfd45938c5591
RRHH/Perfiles de puesto/F-38 Logistica Ruedas C.DOC,RRHH,F-38 Logistica Ruedas C.DOC,doc,F-38,F,Vigente/por validar,77824,2020-12-21T12:16:00,a0287b789ac45f5642255708ad5b5202dbe277c194c88dc11f6d17027118e93c
RRHH/Perfiles de puesto/F-39 Operario Ruedas D.DOC,RRHH,F-39 Operario Ruedas D.DOC,doc,F-39,F,Vigente/por validar,73728,2020-12-21T12:16:00,c29e38acbc046a6eeb7af80d9a9be87179b3a891dc084315f060381cc3bdfb38
RRHH/Perfiles de puesto/F-41 Representante del cliente B.DOC,RRHH,F-41 Representante del cliente B.DOC,doc,F-41,F,Vigente/por validar,70656,2020-12-21T12:16:00,e7428ee7c60b92545aed0247eaabeb1e50bdffd471df75c65f2eb99e39568abe
RRHH/Perfiles de puesto/F-44 Secuenciado Ruedas B.DOC,RRHH,F-44 Secuenciado Ruedas B.DOC,doc,F-44,F,Vigente/por validar,77312,2020-12-21T12:16:00,64ea41d97e2db7c854721ebd2b9c4f02632bdfffe0be11fd8f6cc64daca5f785
RRHH/Perfiles de puesto/F-53 Analista de facturacion C.doc,RRHH,F-53 Analista de facturacion C.doc,doc,F-53,F,Vigente/por validar,77312,2017-09-04T15:08:04,ff7b93868f1a5bcd6014d3bc26f6b2f42ffb6065984159743a34cc278ff27c13
RRHH/Perfiles de puesto/F-58 Administrativo de Secuenciado C.doc,RRHH,F-58 Administrativo de Secuenciado C.doc,doc,F-58,F,Vigente/por validar,69632,2024-09-05T13:58:18,49ffbf278bc0930e0ed9fda8a2b09eeab2586410c4604da542333e8012e7946b
RRHH/Perfiles de puesto/F-61 Lider de produccion Ruedas D.DOC,RRHH,F-61 Lider de produccion Ruedas D.DOC,doc,F-61,F,Vigente/por validar,74752,2020-12-21T12:16:00,6e97572f5753350143344a126f9e6762a333e45d3eb1493eaf1eaf3c86533740
RRHH/Perfiles de puesto/F-62 Administracion Compras F.doc,RRHH,F-62 Administracion Compras F.doc,doc,F-62,F,Vigente/por validar,55296,2024-06-24T14:47:42,dcfcd9faba25b0d755788c2aca97d02f31efe0999e5fe5968df61cc84be79356
RRHH/Perfiles de puesto/F-63 Gerente de Operaciones C.doc,RRHH,F-63 Gerente de Operaciones C.doc,doc,F-63,F,Vigente/por validar,77312,2024-06-19T11:31:01,f3e0238b7618353285551e69cb80b007841058a248461b4386b44afe7918ad4c
RRHH/Perfiles de puesto/F-64 Gerente de Operaciones C.doc,RRHH,F-64 Gerente de Operaciones C.doc,doc,F-64,F,Vigente/por validar,77312,2024-06-19T11:31:01,f3e0238b7618353285551e69cb80b007841058a248461b4386b44afe7918ad4c
RRHH/Perfiles de puesto/F-64 Gerente de Transporte C.doc,RRHH,F-64 Gerente de Transporte C.doc,doc,F-64,F,Vigente/por validar,76288,2024-08-19T09:21:02,31f70c0c064e84e1780a0d66b5f8bc8bed6d52b9f9eb2bdcd8064572b36bc1df
RRHH/Perfiles de puesto/F-65 B Gerente de Compras y Contrataciones A.doc,RRHH,F-65 B Gerente de Compras y Contrataciones A.doc,doc,F-65,F,Vigente/por validar,50688,2024-06-19T14:02:28,29860090a926e2544d71325702c30af7f1308cf8f51fb9f8315212a4c9a620cb
RRHH/Perfiles de puesto/F-65 Gerente de Compras y Contrataciones A.doc,RRHH,F-65 Gerente de Compras y Contrataciones A.doc,doc,F-65,F,Vigente/por validar,51712,2013-07-31T20:03:30,033dc2db66d148d0d237387b5a0b907791055f18d7e4aa3060610494d9970c50
RRHH/Perfiles de puesto/F-66 Gerente Comercial Cordoba B.doc,RRHH,F-66 Gerente Comercial Cordoba B.doc,doc,F-66,F,Vigente/por validar,73728,2024-06-19T11:56:55,bbcf32bc9e5bec12762450506359b1ca784aa6b3a05c74625b85b03a90a2760f
RRHH/Perfiles de puesto/F-70 Director Comercial A.doc,RRHH,F-70 Director Comercial A.doc,doc,F-70,F,Vigente/por validar,54784,2023-12-19T14:25:48,aa6b7658aa000169262e8b1fdfb159eab9df71785b9a0930544ea436042ee020
RRHH/Perfiles de puesto/F-71 Limpieza A.doc,RRHH,F-71 Limpieza A.doc,doc,F-71,F,Vigente/por validar,80384,2024-07-10T14:38:11,a85bdfb83514de4b61528807a7fa25a1d03e6286029bf8575651d6d30010116b
RRHH/Perfiles de puesto/F-72 Cadete A.doc,RRHH,F-72 Cadete A.doc,doc,F-72,F,Vigente/por validar,80896,2024-07-10T14:48:29,17b74114be865add4e0a5612e42ea7f975d1a023a9ddf7521079992a5819ff1e
RRHH/Perfiles de puesto/F-77 Choferes B.doc,RRHH,F-77 Choferes B.doc,doc,F-77,F,Vigente/por validar,64000,2024-07-01T09:06:35,e44f9b241c372b950f09c0d5e4233d5cfa4381e38fdabccefaa0cd3f86e9180f
RRHH/Perfiles de puesto/F-85 Documentación B.doc,RRHH,F-85 Documentación B.doc,doc,F-85,F,Vigente/por validar,49664,2024-07-04T15:05:12,643e8279924f420ee08d03147f6faa54aa9ce23ec605579c08af9ace6107cfde
RRHH/Perfiles de puesto/F-87 Supervisor de Transporte B.doc,RRHH,F-87 Supervisor de Transporte B.doc,doc,F-87,F,Vigente/por validar,76800,2024-06-24T14:35:51,3dfb5ff59ee5081f1611061ee2f3e39513666b7b166b5517e92233f23c64e66c
RRHH/Perfiles de puesto/F-88 Coordinador de transporte y seguimiento.doc,RRHH,F-88 Coordinador de transporte y seguimiento.doc,doc,F-88,F,Vigente/por validar,72192,2024-07-01T09:29:54,dd55c6bee65207f05c36ff967962facc0ee1a37ef0433c8988f22aef8a4b0d0f
RRHH/Perfiles de puesto/F-89 Administrativo y facturador de transporte.doc,RRHH,F-89 Administrativo y facturador de transporte.doc,doc,F-89,F,Vigente/por validar,78848,2024-07-01T09:40:36,0b9b31950ea96daf271c34a9a4e1c9a5e92cef28ee9af9495c448114a836a45a
RRHH/Perfiles de puesto/F-90 Coordinador .doc,RRHH,F-90 Coordinador .doc,doc,F-90,F,Vigente/por validar,78848,2024-07-02T09:49:04,87917d57b093065efb6c04b41cca2c6394c1d55f553e1250921e10c9e9f343c0
"RRHH/Perfiles de puesto/F-91 Calidad, Seguridad y Medio ambiente MILK RUN A.doc",RRHH,"F-91 Calidad, Seguridad y Medio ambiente MILK RUN A.doc",doc,F-91,F,Vigente/por validar,77312,2024-06-24T09:29:48,9d654a03f78523184d70bd42063ea8b2203edb2aa148f6ddeef3f017822949ef
RRHH/Perfiles de puesto/F-92 Seguimiento de Transporte MILK RUN A.doc,RRHH,F-92 Seguimiento de Transporte MILK RUN A.doc,doc,F-92,F,Vigente/por validar,80896,2014-03-31T09:12:56,3fe40e7f6e5164477f8bf730746a3b3eee56210a21b1acdcd037d055aeccaaf3
RRHH/Perfiles de puesto/LISTOS OK/ADMINISTRACIÓN DE TRÁFICO.doc,RRHH,ADMINISTRACIÓN DE TRÁFICO.doc,doc,ADMINIST,,Vigente/por validar,68096,2025-11-14T11:49:35,69a593486029e80db67055bfc9e9db664bb481d068880fe2f2ca862daa8a6978
RRHH/Perfiles de puesto/LISTOS OK/ADMINISTRACIÓN MOPAR.doc,RRHH,ADMINISTRACIÓN MOPAR.doc,doc,ADMINIST,,Vigente/por validar,67072,2025-10-23T15:19:17,0d2f16a2c6ee390e12e350f704ef7b14e30b9a60d4ab6568163d885a7d94db56
RRHH/Perfiles de puesto/LISTOS OK/ADMINISTRACIÓN RUEDAS (F53).doc,RRHH,ADMINISTRACIÓN RUEDAS (F53).doc,doc,ADMINIST,,Vigente/por validar,73728,2025-11-13T13:29:53,2eb3641aa4e64f9805c81c6daf3be9a41bc0ff6b9b3e034ce08e8ee0f381f58d
RRHH/Perfiles de puesto/LISTOS OK/ADMINISTRATIVO CLAUDIA.doc,RRHH,ADMINISTRATIVO CLAUDIA.doc,doc,ADMINIST,,Vigente/por validar,67584,2025-10-23T10:06:45,9590024c6e389532326656d974eb31e4348a89cf4ae3981fda9b617d1d067f52
RRHH/Perfiles de puesto/LISTOS OK/ANALISTA DE CALIDAD RUEDAS.doc,RRHH,ANALISTA DE CALIDAD RUEDAS.doc,doc,ANALISTA,,Vigente/por validar,78336,2025-10-23T10:08:22,e47d82130fecf681ae58c08c8187e6090920400601961556b6c71d13269bf0ac
RRHH/Perfiles de puesto/LISTOS OK/ANALISTA DE COMPRAS.doc,RRHH,ANALISTA DE COMPRAS.doc,doc,ANALISTA,,Vigente/por validar,70144,2025-11-13T10:33:13,7f531ccc70ab70f4b49e1b9bc37285cffd8e02dda5153185505f1bdfb7b3368f
RRHH/Perfiles de puesto/LISTOS OK/ANALISTA DE CONTRATACIONES BRENDA.doc,RRHH,ANALISTA DE CONTRATACIONES BRENDA.doc,doc,ANALISTA,,Vigente/por validar,71168,2025-10-22T16:15:03,67cb2bce1087bce7491a5d9cd540b331998a95a03683fae88a8a075bf44e8523
RRHH/Perfiles de puesto/LISTOS OK/ANALISTA DE RECURSOS HUMANOS.doc,RRHH,ANALISTA DE RECURSOS HUMANOS.doc,doc,ANALISTA,,Vigente/por validar,70144,2025-11-14T17:58:12,9f5744e7389695dd1ea2827ee99ca2e2531f50914a988d565c5bb010e3795200
RRHH/Perfiles de puesto/LISTOS OK/CADETE ADMINISTRATIVO.doc,RRHH,CADETE ADMINISTRATIVO.doc,doc,CADETE,,Vigente/por validar,81920,2025-11-14T17:33:34,1c65694404948da764ac748d5cb7d5f4671480ae330c167cbfb87cbc1e6d52e3
RRHH/Perfiles de puesto/LISTOS OK/CHOFER.doc,RRHH,CHOFER.doc,doc,CHOFER,,Vigente/por validar,66048,2025-11-14T10:13:43,5c1abfd51dd8a6b53f06cbe26fa1d92100e2fb32d67a69eaa6602a2e13224165
RRHH/Perfiles de puesto/LISTOS OK/COMPRAS GENERALES.doc,RRHH,COMPRAS GENERALES.doc,doc,COMPRAS,,Vigente/por validar,65536,2025-10-31T10:43:58,b10743fb0f366e46a387d6006894f55bd61e75dca6c10230c258f41ae22f5b78
RRHH/Perfiles de puesto/LISTOS OK/CONTABILIDAD E IMPUESTOS YANI.doc,RRHH,CONTABILIDAD E IMPUESTOS YANI.doc,doc,CONTABIL,E,Vigente/por validar,67072,2025-10-22T16:29:16,8a9862d0e4f602d454a088a4352f099076156359aca33a1248639518e50f830f
RRHH/Perfiles de puesto/LISTOS OK/COORDINACIÓN DE TRÁFICO.doc,RRHH,COORDINACIÓN DE TRÁFICO.doc,doc,COORDINA,,Vigente/por validar,79872,2025-11-14T11:56:07,3c76c9479e2a86e14277707e806e48330e84f7e35b066c306b4534490732480b
RRHH/Perfiles de puesto/LISTOS OK/COORDINACIÓN Y ADMINISTRACIÓN MOPAR.doc,RRHH,COORDINACIÓN Y ADMINISTRACIÓN MOPAR.doc,doc,COORDINA,Y,Vigente/por validar,79872,2025-11-14T12:00:53,bb660d273b82487fcd45d4270aa2ad7a473c6dacdae4d17d16e559d7189ab3ac
RRHH/Perfiles de puesto/LISTOS OK/COORDINACIÓN Y SEGUIMIENTO.doc,RRHH,COORDINACIÓN Y SEGUIMIENTO.doc,doc,COORDINA,Y,Vigente/por validar,79872,2025-10-23T15:38:58,e6d5ded51c5b53e8bda9bbbc51a696b78960a80db8ea7a00673c392a9b8e07d4
RRHH/Perfiles de puesto/LISTOS OK/COORDINADOR CORTA DISTANCIA.doc,RRHH,COORDINADOR CORTA DISTANCIA.doc,doc,COORDINA,,Vigente/por validar,73216,2025-10-24T15:12:21,7067fca16468e6cdf39c7c4ef0ca6012978d72f5e4d3a80b2ac2f0d24b90c2b8
RRHH/Perfiles de puesto/LISTOS OK/COORDINADOR LARGA DISTANCIA NICO.doc,RRHH,COORDINADOR LARGA DISTANCIA NICO.doc,doc,COORDINA,,Vigente/por validar,65024,2025-10-24T15:09:59,30a92df8b9eac2eddfb67010c5ed989297421e00fd3bbddce5a231ae9c544277
RRHH/Perfiles de puesto/LISTOS OK/CUENTAS A PAGAR.doc,RRHH,CUENTAS A PAGAR.doc,doc,CUENTAS,A,Vigente/por validar,72704,2025-10-22T16:39:21,197e5cdf0b098bd9e5fa1412e0304cfec0634db052e7a1e295ac9cb57329245c
RRHH/Perfiles de puesto/LISTOS OK/DESARROLLO APP GERMAN MEDINA.doc,RRHH,DESARROLLO APP GERMAN MEDINA.doc,doc,DESARROL,,Vigente/por validar,67584,2025-11-14T10:38:08,4761df94b6d731936e7e9e21d2b24553917c66add5baad1a3eace9ac1471b549
RRHH/Perfiles de puesto/LISTOS OK/DIRECTOR COMERCIAL.doc,RRHH,DIRECTOR COMERCIAL.doc,doc,DIRECTOR,,Vigente/por validar,55296,2025-11-11T14:35:12,23df099a1a4baff0144a39c0a68e330b635525aa698d96c4b0fc98ca0f4ff9a4
RRHH/Perfiles de puesto/LISTOS OK/DIRECTOR DE ADMINISTRACIÓN Y FINANZAS.doc,RRHH,DIRECTOR DE ADMINISTRACIÓN Y FINANZAS.doc,doc,DIRECTOR,Y,Vigente/por validar,74240,2025-11-11T14:06:20,d59672b2f8f283824b273b47d7afe5ca37424a3ba054c8bfe6a63e2c3b00404b
RRHH/Perfiles de puesto/LISTOS OK/DIRECTOR DE OPERACIONES Y RRHH.doc,RRHH,DIRECTOR DE OPERACIONES Y RRHH.doc,doc,DIRECTOR,Y,Vigente/por validar,82432,2025-11-17T14:47:11,4e8b0a403e561caaf909e5104f13d89adc7515e411f4286816268ef0ea8b789a
RRHH/Perfiles de puesto/LISTOS OK/DIRECTOR DE TECNOLOGÍA Y CALIDAD.doc,RRHH,DIRECTOR DE TECNOLOGÍA Y CALIDAD.doc,doc,DIRECTOR,Y,Vigente/por validar,71680,2025-11-12T16:28:35,b1e4f5364e3506c135b945f80abce0114535c7f982c573762295ade638c9c28c
RRHH/Perfiles de puesto/LISTOS OK/DOCUMENTACION.docx,RRHH,DOCUMENTACION.docx,docx,DOCUMENT,,Vigente/por validar,19920,2025-10-22T16:51:57,0354dfa73ed3f8f01d011932d61766be513eb270fc64d280b55f2c594e7f2eed
RRHH/Perfiles de puesto/LISTOS OK/EJECUTIVO DE CUENTA CLASS.doc,RRHH,EJECUTIVO DE CUENTA CLASS.doc,doc,EJECUTIV,,Vigente/por validar,76800,2025-11-13T16:42:13,4e9645eb50e3b18a1cb3105eed76f4c8265b429cfba7e07f48629da37167e93f
RRHH/Perfiles de puesto/LISTOS OK/FACTURACION ADM.doc,RRHH,FACTURACION ADM.doc,doc,FACTURAC,,Vigente/por validar,65536,2025-10-22T16:56:30,44c195fdce3ae93b679dbe55b8e0fb86860527ff12f2a3b2322eaf38a6ea3c23
"RRHH/Perfiles de puesto/LISTOS OK/FACTURACION, COSTOS Y CONTROL DE GESTION.doc",RRHH,"FACTURACION, COSTOS Y CONTROL DE GESTION.doc",doc,FACTURAC,Y,Vigente/por validar,69120,2025-10-24T11:45:48,ccd043fef81f3a079ea696904a9f9dba6cb5a258c1562a24f6f0d192fb8b5e85
RRHH/Perfiles de puesto/LISTOS OK/GERENTE COMERCIAL.DOC,RRHH,GERENTE COMERCIAL.DOC,doc,GERENTE,,Vigente/por validar,74240,2025-10-22T17:09:50,6ad9c0c17ccf98fd3739aadeaac7bef12e0d44674c647bc2b093d74de8f4c572
RRHH/Perfiles de puesto/LISTOS OK/GERENTE DE BAHÍA BLANCA Y MAR DEL PLATA - MOPAR.doc,RRHH,GERENTE DE BAHÍA BLANCA Y MAR DEL PLATA - MOPAR.doc,doc,GERENTE,Y,Vigente/por validar,74752,2025-11-14T11:09:48,3bdf9b03b8f25cac49e65102c541b0a939a9bae144846cb513aab7092ac80be5
RRHH/Perfiles de puesto/LISTOS OK/GERENTE DE INGENIERÍA Y COMERCIAL.doc,RRHH,GERENTE DE INGENIERÍA Y COMERCIAL.doc,doc,GERENTE,Y,Vigente/por validar,80896,2025-11-13T16:43:10,f977bd7c169127a1acb8847650b1399c93eabfed09c7730ae972d5179251e467
RRHH/Perfiles de puesto/LISTOS OK/GERENTE DE OPERACIONES AUTOMOTRIZ (F63).doc,RRHH,GERENTE DE OPERACIONES AUTOMOTRIZ (F63).doc,doc,GERENTE,,Vigente/por validar,77312,2025-11-13T11:55:46,1db57ab3aa50be269d52313106d24a7a4fab943b6896046bb5e86cdec2f205da
RRHH/Perfiles de puesto/LISTOS OK/GERENTE DE OPERACIONES.doc,RRHH,GERENTE DE OPERACIONES.doc,doc,GERENTE,,Vigente/por validar,77824,2025-10-22T17:19:27,032fe40604a2e806b2544392766a43f2190fe3296d8f78c870989b3ff91d88e4
RRHH/Perfiles de puesto/LISTOS OK/GERENTE DE RECURSOS HUMANOS.doc,RRHH,GERENTE DE RECURSOS HUMANOS.doc,doc,GERENTE,,Vigente/por validar,72704,2025-11-13T14:23:29,76a9e51f00b753dc90a7bc0b73d22f5120b65ca8fc7ba301f46027113dcdcd49
RRHH/Perfiles de puesto/LISTOS OK/Gerente de Trafico.doc,RRHH,Gerente de Trafico.doc,doc,GERENTE,,Vigente/por validar,77312,2025-10-23T09:48:45,a2dbc194ce66e5d12617dc1def7f2d3cee4578e392069255023fc76929c05e97
RRHH/Perfiles de puesto/LISTOS OK/INFRAESTRUCTURA Y SOPORTE.doc,RRHH,INFRAESTRUCTURA Y SOPORTE.doc,doc,INFRAEST,Y,Vigente/por validar,80896,2025-11-14T10:37:34,37e6befcffa69db4b4ed3380a75f9cd31128349cb81080b3e6a1d00b30672bc0
RRHH/Perfiles de puesto/LISTOS OK/INGENIERIA DE PROYECTOS.doc,RRHH,INGENIERIA DE PROYECTOS.doc,doc,INGENIER,,Vigente/por validar,81408,2025-11-14T10:19:33,62cc514af72053f911fdc7cfeaf3bde028378d886e045ab9d092d3be4cd3c303
RRHH/Perfiles de puesto/LISTOS OK/JEFE DE CONTRATACIONES VIR.doc,RRHH,JEFE DE CONTRATACIONES VIR.doc,doc,JEFE,,Vigente/por validar,65536,2025-10-23T10:14:19,69557ae7e1085d443e7358b8762449561a3a0e226d226df0530cd130d9d2bc9f
RRHH/Perfiles de puesto/LISTOS OK/JEFE DE OPERACIONES (F17).doc,RRHH,JEFE DE OPERACIONES (F17).doc,doc,JEFE,,Vigente/por validar,74752,2025-11-13T10:44:16,7704212d968feb109530f027f3e3dd7a3997d083fce073be6e2de20d8dda4e8a
RRHH/Perfiles de puesto/LISTOS OK/JEFE DE RECURSOS HUMANOS.doc,RRHH,JEFE DE RECURSOS HUMANOS.doc,doc,JEFE,,Vigente/por validar,72192,2025-11-14T17:58:43,ddb69c876443b23e90e05f0e3bed611327ac698e898c41a4486fc2b7e56dc679
RRHH/Perfiles de puesto/LISTOS OK/JEFE DE TALLER.doc,RRHH,JEFE DE TALLER.doc,doc,JEFE,,Vigente/por validar,77824,2025-11-13T17:16:12,9dddc18f555d713c40c94afd0df51e89fe0e71a5ffd825bff1ddbd33d1a127e3
RRHH/Perfiles de puesto/LISTOS OK/JEFE DE TRAFICO.doc,RRHH,JEFE DE TRAFICO.doc,doc,JEFE,,Vigente/por validar,77824,2025-10-23T10:38:21,1df5aee6808a0623273d2d5c963465c24d6197afd0f8858164a9aed51d6f57a0
RRHH/Perfiles de puesto/LISTOS OK/LIDER DE MOPAR.DOC,RRHH,LIDER DE MOPAR.DOC,doc,LIDER,,Vigente/por validar,67072,2025-11-14T11:28:37,1dbffaa6d9ed7a973108f66edb789bf52ae448c7daa140f29f1e0136fc3e94aa
RRHH/Perfiles de puesto/LISTOS OK/LIDER PARAGOLPES.DOC,RRHH,LIDER PARAGOLPES.DOC,doc,LIDER,,Vigente/por validar,74752,2025-10-23T14:00:18,eb403263c6c99dc485515ae7da75d9c8ce9265ad78b081b566386cf2764fab5f
RRHH/Perfiles de puesto/LISTOS OK/LIDER TKB.DOC,RRHH,LIDER TKB.DOC,doc,LIDER,,Vigente/por validar,66048,2025-10-23T14:04:24,dd8a3ca30a5592ad7e1a35800ad72eeac265003b73a78ad8f35e0260aa0b578b
RRHH/Perfiles de puesto/LISTOS OK/LÍDER DE RUEDAS.DOC,RRHH,LÍDER DE RUEDAS.DOC,doc,LI,,Vigente/por validar,74752,2025-11-13T13:45:46,d7384ef871da54b60487f45bd7b74171dfd478b38b07a94aa57b901c2313cf24
RRHH/Perfiles de puesto/LISTOS OK/MAESTRANZA.doc,RRHH,MAESTRANZA.doc,doc,MAESTRAN,,Vigente/por validar,80896,2025-11-13T15:49:24,92d39bc2bcd69b11d8c5343ed77a095a60d4cffc3e5690d4a375e7f9d171b635
RRHH/Perfiles de puesto/LISTOS OK/MANTENIMIENTO CÓRDOBA (F52).DOC,RRHH,MANTENIMIENTO CÓRDOBA (F52).DOC,doc,MANTENIM,,Vigente/por validar,76800,2025-11-18T10:49:17,8cff32089cae58b4973bc7aefc7ef37fe79929f643e3c8f471381c17d0e42df1
RRHH/Perfiles de puesto/LISTOS OK/OPERARIO.DOC,RRHH,OPERARIO.DOC,doc,OPERARIO,,Vigente/por validar,73728,2025-10-23T14:38:56,a63fe9789215beae6a9dbf771e454796b1fa6f265c99bbf0164e79f0ae5ebcb9
RRHH/Perfiles de puesto/LISTOS OK/PRESIDENTE.doc,RRHH,PRESIDENTE.doc,doc,PRESIDEN,,Vigente/por validar,76288,2025-11-11T13:59:16,4bf1cc4e33b7202c6e77a14afed315c6ddb285960c9d589b0792ed4c9ce4fd69
RRHH/Perfiles de puesto/LISTOS OK/PROYECTOS Y DESARROLLOS.doc,RRHH,PROYECTOS Y DESARROLLOS.doc,doc,PROYECTO,Y,Vigente/por validar,68608,2025-11-14T10:38:57,f9edcd5b6903ecaf5f028807637bfcb874a698a5db31815c90e96e0ce9d1db70
RRHH/Perfiles de puesto/LISTOS OK/RESPONSABLE DE CALIDAD E INNOVACIÓN.doc,RRHH,RESPONSABLE DE CALIDAD E INNOVACIÓN.doc,doc,RESPONSA,E,Vigente/por validar,77824,2025-11-14T10:32:56,f181edb7d0298f13ae95bf46930757ac34355bc3b27281822d39fc6b0c8a63e6
RRHH/Perfiles de puesto/LISTOS OK/RESPONSABLE DE INTEGRIDAD DE DATOS.doc,RRHH,RESPONSABLE DE INTEGRIDAD DE DATOS.doc,doc,RESPONSA,,Vigente/por validar,80384,2025-11-14T11:25:46,1e46fdd0e890297c774c8427dae4339aab5363206b768e1b1c86e5454f80b49f
RRHH/Perfiles de puesto/LISTOS OK/RESPONSABLE DE OPERACIONES (F13).doc,RRHH,RESPONSABLE DE OPERACIONES (F13).doc,doc,RESPONSA,,Vigente/por validar,74752,2025-11-13T11:13:09,ddd5e90596cbed49ee2d0bb34d9c39ccc804577ed32ac7333f865ddd9a7ee4c3
RRHH/Perfiles de puesto/LISTOS OK/RESPONSABLE DE RUEDAS (F14).doc,RRHH,RESPONSABLE DE RUEDAS (F14).doc,doc,RESPONSA,,Vigente/por validar,74240,2025-11-13T11:48:04,5b33de3e31a3b5039575b745391db9dc7e20c9500ebef8bf2afa9a8039fe9420
RRHH/Perfiles de puesto/LISTOS OK/SEGUIMIENTO - CONTROL DE FLETE PROPIO.doc,RRHH,SEGUIMIENTO - CONTROL DE FLETE PROPIO.doc,doc,SEGUIMIE,,Vigente/por validar,68096,2025-11-14T11:52:06,288948c1c9580311fd65fdb45b46f46802ded846b00458b185c34a9fc37ee21c
RRHH/Perfiles de puesto/LISTOS OK/SEGURIDAD E HIGIENE.doc,RRHH,SEGURIDAD E HIGIENE.doc,doc,SEGURIDA,E,Vigente/por validar,68096,2025-10-23T11:11:26,677640e1855919a0c16550f2426b9c22e6bf59bf6852c9c01aee46266361aeef
RRHH/Perfiles de puesto/LISTOS OK/SUPERVISOR BELLA VISTA MOPAR Y COORDINADOR LARGA DISTANCIA.docx,RRHH,SUPERVISOR BELLA VISTA MOPAR Y COORDINADOR LARGA DISTANCIA.docx,docx,SUPERVIS,Y,Vigente/por validar,38416,2025-11-14T11:00:08,f582a01c10e4a970f049cd5c4eeabc321066876cb262bccd4c903fc5e026e009
RRHH/Perfiles de puesto/LISTOS OK/SUPERVISOR DE TALLER.DOC,RRHH,SUPERVISOR DE TALLER.DOC,doc,SUPERVIS,,Vigente/por validar,76800,2025-11-13T17:36:56,f80c48e22695139144850bbab47add3ff63bf54368a386d3f28cdeacf4351644
RRHH/Perfiles de puesto/LISTOS OK/SUPERVISOR PACHECO & GENERAL RODRÍGUEZ MOPAR.docx,RRHH,SUPERVISOR PACHECO & GENERAL RODRÍGUEZ MOPAR.docx,docx,SUPERVIS,,Vigente/por validar,39898,2025-11-14T11:03:23,8b9434c4e2e0c1a5007088941a9b3e5e05b218b77ee37eabcea60031579a6c94
RRHH/Perfiles de puesto/LISTOS OK/SUPERVISOR PSA.docx,RRHH,SUPERVISOR PSA.docx,docx,SUPERVIS,,Vigente/por validar,39841,2025-10-24T11:36:16,f2066de45b442baa9994f021d9f84e80cb3b3deb3c2da389080dc7c26ab57307
RRHH/Perfiles de puesto/LISTOS OK/TESORERO.doc,RRHH,TESORERO.doc,doc,TESORERO,,Vigente/por validar,73216,2025-10-23T11:18:16,48dbf00c4f58d4a02a9cb4b530068460ac5166e5fcebeaf9df7c049b8e1c603c
RRHH/Perfiles de puesto/LISTOS OK/VICEPRESIDENTE RED FAIRY.doc,RRHH,VICEPRESIDENTE RED FAIRY.doc,doc,VICEPRES,,Vigente/por validar,71168,2025-11-11T14:07:38,14bf5d105f86f8866678a809152f3d3cfcda3a2422f5ef3ac50e07d9e1e50604
RRHH/Perfiles de puesto/LISTOS OK/VICEPRESIDENTE.DOC,RRHH,VICEPRESIDENTE.DOC,doc,VICEPRES,,Vigente/por validar,71168,2025-11-13T09:33:58,1cdb974b591420b2a34d09af51978d30f3d114e6820a251ae147b54bebe91ca8
RRHH/Perfiles de puesto/LISTOS OK.zip,RRHH,LISTOS OK.zip,zip,LISTOS,,Vigente/por validar,1183433,2026-05-09T09:16:43,bcab40922c10be9c6773e112a5f1eee5e4486b373e6f596effc8abc82e20ffb0
RRHH/Politica.Calidad (4).pdf,RRHH,Politica.Calidad (4).pdf,pdf,POLITICA,,Vigente/por validar,92930,2022-11-10T14:20:06,04fd5c40294b46220e771f4b7733e5a73d6acdb0a328afba451bbea368243293
Ruedas/En vigor/Auditorias/2024/02.Dec.24-NcManagement-105750-TS-M06998-0766_24-19.Nov.2024-21.Nov.2024.json,Ruedas,02.Dec.24-NcManagement-105750-TS-M06998-0766_24-19.Nov.2024-21.Nov.2024.json,json,,,Vigente/por validar,27222997,2024-12-02T13:19:45,d7fb8a2f0dfe22435d1300091d5e6289cfb3448016b9675f8933a8db1f871d41
Ruedas/En vigor/Auditorias/2024/11.Nov.24-NcManagement-DADA_S.A___101070-TS-M06998-0641_21-29.Nov.2023-01.Dec.2023.pdf,Ruedas,11.Nov.24-NcManagement-DADA_S.A___101070-TS-M06998-0641_21-29.Nov.2023-01.Dec.2023.pdf,pdf,,S,Vigente/por validar,184918,2024-11-11T12:59:14,09059309aa1b664aecae69e788dfd529a1e3133a32d2ce0667fd8e49a8e0b56b
Ruedas/En vigor/Auditorias/2024/7-Indicadores Calidad 2024.pdf,Ruedas,7-Indicadores Calidad 2024.pdf,pdf,,,Vigente/por validar,2169701,2024-10-30T14:54:22,538958f1c6cc9c6c4f4aec8e5f671bbe399a22cdf54d4637fd5615b9dd8f2438
Ruedas/En vigor/Auditorias/2024/Auditoria Especial/FG-09 Auditoria Esopecial 2025 nº 2.xlsx.xlsx,Ruedas,FG-09 Auditoria Esopecial 2025 nº 2.xlsx.xlsx,xlsx,FG-09,,Vigente/por validar,28190,2025-02-07T11:30:48,5d768828af701099bc24db432d0f5279358bf7c9bc8ac5222c09cf9438510ac7
Ruedas/En vigor/Auditorias/2024/Auditoria Especial/FG-09 Auditoria Esopecial 2025 nº 3.xlsx,Ruedas,FG-09 Auditoria Esopecial 2025 nº 3.xlsx,xlsx,FG-09,,Vigente/por validar,28129,2025-02-07T11:30:57,e6a7cb9aa941085ddc2f013e5fc6c04c30daf2cbf4c05ba1eca1dc510f75507e
Ruedas/En vigor/Auditorias/2024/Auditoria Especial/FG-09 Auditoria Esopecial 2025 nº 4.xlsx,Ruedas,FG-09 Auditoria Esopecial 2025 nº 4.xlsx,xlsx,FG-09,,Vigente/por validar,28010,2025-02-07T11:56:49,3e1fca0846aba48691dc2fda7f85a77b4bc74af162ccee73609f48158cb7817d
Ruedas/En vigor/Auditorias/2024/Auditoria Especial/FG-09 Auditoria Esopecial 2025 nº1xlsx.xlsx,Ruedas,FG-09 Auditoria Esopecial 2025 nº1xlsx.xlsx,xlsx,FG-09,,Vigente/por validar,28494,2025-02-07T11:30:34,e0bf728e64ebe7a6a1ba300e1aac9e15af6d03805e26fc8fc66a6a50d5bb27a5
Ruedas/En vigor/Auditorias/2024/Auditoria Especial/PDF/Correo notificacion NC01.pdf,Ruedas,Correo notificacion NC01.pdf,pdf,CORREO,,Vigente/por validar,529989,2025-02-07T11:37:01,51f4760fc273b4fe9e0e903cb2d457e28585e2152567ce1a6fda591e64069610
Ruedas/En vigor/Auditorias/2024/Auditoria Especial/PDF/FG-09 Auditoria Esopecial 2025 nº 2.pdf,Ruedas,FG-09 Auditoria Esopecial 2025 nº 2.pdf,pdf,FG-09,,Vigente/por validar,21983,2025-02-07T11:34:33,9dbf2350973dea411d49968b63931dcd0fa243cb277dfd30818c343ddc59cfd5
Ruedas/En vigor/Auditorias/2024/Auditoria Especial/PDF/FG-09 Auditoria Esopecial 2025 nº 3.pdf,Ruedas,FG-09 Auditoria Esopecial 2025 nº 3.pdf,pdf,FG-09,,Vigente/por validar,22139,2025-02-07T11:37:39,22c03103456768a75ca25d8eb7c2ae35dfc547c3fd0a1baa54130c1835719e9c
Ruedas/En vigor/Auditorias/2024/Auditoria Especial/PDF/FG-09 Auditoria Esopecial 2025 nº 4.pdf,Ruedas,FG-09 Auditoria Esopecial 2025 nº 4.pdf,pdf,FG-09,,Vigente/por validar,21724,2025-02-07T11:57:14,aad514d1a915f39efd163751194c593b30138e586a7aa7a614f8cd9004aac4e9
Ruedas/En vigor/Auditorias/2024/Auditoria Especial/PDF/FG-09 Auditoria Esopecial 2025 nº1 xlsx.pdf,Ruedas,FG-09 Auditoria Esopecial 2025 nº1 xlsx.pdf,pdf,FG-09,,Vigente/por validar,22376,2025-02-07T11:33:55,160689b763c3fc5cecdc5f0121c6064aba12edde3d2235cdd0d59ee04830ba1b
Ruedas/En vigor/Auditorias/2024/Auditoria Especial/PDF/ISONIC NC02.pdf,Ruedas,ISONIC NC02.pdf,pdf,ISONIC,,Vigente/por validar,247414,2024-12-02T10:20:59,a941d37a29146ed4d8db58b76974ab2f065d450d95742733e3271c5cfed0e2d8
Ruedas/En vigor/Auditorias/2024/Auditoria Especial/PDF/Plan de accion 2024 IATF NC4 .pdf,Ruedas,Plan de accion 2024 IATF NC4 .pdf,pdf,PLAN,,Vigente/por validar,440675,2025-02-07T13:35:17,3b3e84bd5e54c3d4f6cb77540203173e48428b26a3b0ffc7179eb209fe2fefff
Ruedas/En vigor/Auditorias/2024/Auditorias internas/FG-05 Plan anual de Auditoria 2024 ISO.xlsx,Ruedas,FG-05 Plan anual de Auditoria 2024 ISO.xlsx,xlsx,FG-05,,Vigente/por validar,153646,2024-11-05T11:42:32,f8ce8c8dfc03d06030c61b521c90ff5f27f64eab78186f88ee57a5f7d5bcb9a6
Ruedas/En vigor/Auditorias/2024/Auditorias internas/FG-05 Plan anual de Auditoria 2024.pdf,Ruedas,FG-05 Plan anual de Auditoria 2024.pdf,pdf,FG-05,,Vigente/por validar,133673,2024-11-05T09:05:56,e5fd50b50fb8708f8d0754a87074a402ee20ea1b8e69728416e53ce5e81274d5
Ruedas/En vigor/Auditorias/2024/Auditorias internas/FG-09 B informe auditoria interna Ruedas 2025.docx,Ruedas,FG-09 B informe auditoria interna Ruedas 2025.docx,docx,FG-09,B,Vigente/por validar,56023,2025-10-17T14:07:48,43d32369b46a2a5a38fac2fbeac76847f99102482f921a835fa29b6229d6f5d0
Ruedas/En vigor/Auditorias/2024/Auditorias internas/FG-09 B informe auditoria interna Ruedas.docx,Ruedas,FG-09 B informe auditoria interna Ruedas.docx,docx,FG-09,B,Vigente/por validar,48468,2024-11-05T11:42:14,7f1308d43af8117d22dcb7f549492d96f02e99045c5fcbb6f5f8ae34c4a5de08
Ruedas/En vigor/Auditorias/2024/Auditorias internas/FG-09_Informe_de_Auditoria_Interna  RRHH.xlsx,Ruedas,FG-09_Informe_de_Auditoria_Interna  RRHH.xlsx,xlsx,FG-09,,Vigente/por validar,27955,2024-11-05T10:14:40,e6a989a33b247dcf81931fbea85b2fcf57a5d0cad9465d06f8fce9e35e7d329e
Ruedas/En vigor/Auditorias/2024/Auditorias internas/FG-09_Informe_de_Auditoria_Interna - Trafico2.xlsx,Ruedas,FG-09_Informe_de_Auditoria_Interna - Trafico2.xlsx,xlsx,FG-09,,Vigente/por validar,28116,2024-11-05T10:42:18,bfef9f29a3c0f9aa7851692e69009f5013e4509b30f0bfa0060c47fd4822cb4d
Ruedas/En vigor/Auditorias/2024/Auditorias internas/FG-09_Informe_de_Auditoria_Interna CALIDAD.xlsx,Ruedas,FG-09_Informe_de_Auditoria_Interna CALIDAD.xlsx,xlsx,FG-09,,Vigente/por validar,28673,2024-11-05T11:01:48,569abc67517f4291f94a36e0c49c4a52ecd2113da6734dbad5e1d2798b104c8c
Ruedas/En vigor/Auditorias/2024/Auditorias internas/FG-09_Informe_de_Auditoria_Interna CKD(1).xlsx,Ruedas,FG-09_Informe_de_Auditoria_Interna CKD(1).xlsx,xlsx,FG-09,,Vigente/por validar,45281,2024-11-05T11:07:02,18526078195bbf95a7dc8a0cfaf3842ea81e850c4a0a77cb68451d7d12c3a567
Ruedas/En vigor/Auditorias/2024/Auditorias internas/FG-09_Informe_de_Auditoria_Interna COMPRAS.xlsx,Ruedas,FG-09_Informe_de_Auditoria_Interna COMPRAS.xlsx,xlsx,FG-09,,Vigente/por validar,28508,2024-11-05T11:29:14,22c784c32684a4b85bb1f6d6e8e0d38bfe5a12a08be69d9f3c01d00a4aa54d0d
Ruedas/En vigor/Auditorias/2024/Auditorias internas/FG-09_Informe_de_Auditoria_Interna Paragolpes(1).xlsx,Ruedas,FG-09_Informe_de_Auditoria_Interna Paragolpes(1).xlsx,xlsx,FG-09,,Vigente/por validar,45374,2024-11-05T11:31:58,1702a7b3c477b6444b06baff2a4e51a45e421b4bdb0a49e21ee887162643e3a2
Ruedas/En vigor/Auditorias/2024/Auditorias internas/FG-09_Informe_de_Auditoria_Interna Proyectos - Procesos.xlsx,Ruedas,FG-09_Informe_de_Auditoria_Interna Proyectos - Procesos.xlsx,xlsx,FG-09,,Vigente/por validar,28182,2024-11-05T11:33:14,6d7d2a85b0ab5e6cde945edcdf523df164ac12ab0a9e358725a72958a742c6a0
Ruedas/En vigor/Auditorias/2024/Auditorias internas/FG-09_Informe_de_Auditoria_Interna VENTAS.xlsx,Ruedas,FG-09_Informe_de_Auditoria_Interna VENTAS.xlsx,xlsx,FG-09,,Vigente/por validar,28663,2024-11-05T11:34:20,80adddd7661c01f6006976b6a703e7d350ba2a08bfcf9710b6ace026a9d38023
Ruedas/En vigor/Auditorias/2024/Auditorias internas/Plan de accion 2024.xls,Ruedas,Plan de accion 2024.xls,xls,PLAN,,Vigente/por validar,125952,2023-11-21T21:46:10,bec8bdfec37c2f21d88ea87a823c99a87bb37f6feefb0a9ce7f97a018e524752
Ruedas/En vigor/Auditorias/2024/CSR AITF 16949 Oct 2024.pdf,Ruedas,CSR AITF 16949 Oct 2024.pdf,pdf,CSR,,Vigente/por validar,443577,2024-10-30T15:48:30,aa7d85fb0f6bbdad22871e1c3f67af3d7504af253d314f17f25290093b6aae52
Ruedas/En vigor/Auditorias/2024/Contexto y partes interesadas.xlsx,Ruedas,Contexto y partes interesadas.xlsx,xlsx,CONTEXTO,Y,Vigente/por validar,142288,2024-10-28T15:30:02,32f594d1e32d946340eefc543ece360090f41437f22e1a83bf85a86c6415bf27
Ruedas/En vigor/Auditorias/2024/Copia de F.0038.29.ES_Datos Clientes y Plan de Auditoria IATF.XLSX,Ruedas,Copia de F.0038.29.ES_Datos Clientes y Plan de Auditoria IATF.XLSX,xlsx,COPIA,F,Vigente/por validar,12999179,2024-11-11T13:57:12,9b3a5e6ec73b7a74bbf3a2aa636943f8a491ada5440ea4cc9da8543f7c16b255
Ruedas/En vigor/Auditorias/2024/FG-01. B Foda General 2023.xlsx,Ruedas,FG-01. B Foda General 2023.xlsx,xlsx,FG-01,B,Vigente/por validar,431088,2023-11-21T11:40:52,bc5b7bd37397ee13d1fee6d5192996cd8ef4aa3af20057e05304782b54552d5c
Ruedas/En vigor/Auditorias/2024/FG-06 C Matriz de objetivos de calidad.xlsx,Ruedas,FG-06 C Matriz de objetivos de calidad.xlsx,xlsx,FG-06,C,Vigente/por validar,1154800,2024-11-19T17:47:16,e69fcf46a51edec5bfc7c2f520c959e42509d5ae29c95a228f6b5a5952d43fa0
Ruedas/En vigor/Auditorias/2024/FG-09 B informe auditoria interna Ruedas 2024.docx,Ruedas,FG-09 B informe auditoria interna Ruedas 2024.docx,docx,FG-09,B,Vigente/por validar,48306,2024-11-19T13:47:48,dcbd5c846ca39be10687cc4f22d008682870dfcc32aa07aa831ea23a39d18862
Ruedas/En vigor/Auditorias/2024/FG-09 B informe auditoria interna Ruedas.pdf,Ruedas,FG-09 B informe auditoria interna Ruedas.pdf,pdf,FG-09,B,Vigente/por validar,855574,2024-11-11T09:00:44,868b470106d529dd357dfb02b02f2aa1885c7ec4d61d864657b5b5605b7c485f
Ruedas/En vigor/Auditorias/2024/FG-09 B informe auditoria interna Ruedass.docx,Ruedas,FG-09 B informe auditoria interna Ruedass.docx,docx,FG-09,B,Vigente/por validar,48444,2024-11-19T13:45:44,e234c838bc8243f7a62d58c185eb600dde6f49a948bf9cd8a24476a56138a0f9
Ruedas/En vigor/Auditorias/2024/FO-03-A._Analisis_riesgo RUEDAS almacen.xlsx,Ruedas,FO-03-A._Analisis_riesgo RUEDAS almacen.xlsx,xlsx,FO-03,A,Vigente/por validar,36038,2024-11-13T10:11:22,95277257e06575d5c7197ae3cf6b9719bd3c6f5213be76e7726bac119a63d6c5
Ruedas/En vigor/Auditorias/2024/FO-03-A._Analisis_riesgo RUEDAS recepcionn.xlsx,Ruedas,FO-03-A._Analisis_riesgo RUEDAS recepcionn.xlsx,xlsx,FO-03,A,Vigente/por validar,36129,2024-11-13T09:56:20,0f29011a15688d2a8c782ecb2c39a78987c9f2369d4ae5e3af9e059da10fec3c
Ruedas/En vigor/Auditorias/2024/IATF/2022/Auditoria Int IATF-16949-2016.pdf,Ruedas,Auditoria Int IATF-16949-2016.pdf,pdf,AUDITORI,,Vigente/por validar,515193,2022-12-21T20:52:16,8ebcde88b0856cc003f10d8e60537c0739857bff790b0d4ddcc22cd39b6fdc55
Ruedas/En vigor/Auditorias/2024/IATF/2022/CSR IATF 16949 2022.pdf,Ruedas,CSR IATF 16949 2022.pdf,pdf,CSR,,Vigente/por validar,382559,2022-12-21T20:52:24,e0af086bafb0eeb7a7f7ba599cd4829e919d8c3e3fe6c9e7d282558dce8e58eb
Ruedas/En vigor/Auditorias/2024/IATF/2022/CommonReport-W00148C-202212211714.pdf,Ruedas,CommonReport-W00148C-202212211714.pdf,pdf,COMMONRE,,Vigente/por validar,50730,2022-12-21T14:21:14,c047646395bb45195d03a4262837b2711c86d9876db792c3156b5efa319d0aba
Ruedas/En vigor/Auditorias/2024/IATF/2022/Completo F.0038.26_REMOTA_Datos y Plan de Auditoría_2ª SUP IATF 2022_DADA.xlsx,Ruedas,Completo F.0038.26_REMOTA_Datos y Plan de Auditoría_2ª SUP IATF 2022_DADA.xlsx,xlsx,COMPLETO,F,Vigente/por validar,3343855,2023-11-23T15:10:06,d9c8270acd1a29788cc3756c1194ce858c647f9f3d187753201630e681875cc0
Ruedas/En vigor/Auditorias/2024/IATF/2022/Contexto y partes interesadas.xlsx,Ruedas,Contexto y partes interesadas.xlsx,xlsx,CONTEXTO,Y,Vigente/por validar,142892,2022-11-10T14:13:12,35d34938a0e7169147b79f503776342df91a81ca09c9b854fe0ba993abe9ac49
Ruedas/En vigor/Auditorias/2024/IATF/2022/Evaluacion.pdf,Ruedas,Evaluacion.pdf,pdf,EVALUACI,,Vigente/por validar,228297,2022-12-21T13:43:58,13dcad236707edfa25c823dbd578be14c042b8e54976e527e4e5a512f910e0d0
Ruedas/En vigor/Auditorias/2024/IATF/2022/FG-05 Plan anual de Auditoria 2022 ISO.xlsx,Ruedas,FG-05 Plan anual de Auditoria 2022 ISO.xlsx,xlsx,FG-05,,Vigente/por validar,154521,2022-12-29T10:34:14,ce56c97b329b955e7760cae6033d8dbe69d83f4bf4518719c0203967d3ceab32
Ruedas/En vigor/Auditorias/2024/IATF/2022/Indicadores Logistica 2022.pdf,Ruedas,Indicadores Logistica 2022.pdf,pdf,INDICADO,,Vigente/por validar,403700,2022-12-21T21:05:36,ad634298fc19eb075e49085ab1e4efcc7c558a53195085b2d2d732ff1e7467ad
Ruedas/En vigor/Auditorias/2024/IATF/2022/MC-01_B_Manual_de_Calidad_DADA_RUEDAS.DOCX,Ruedas,MC-01_B_Manual_de_Calidad_DADA_RUEDAS.DOCX,docx,MC-01,B,Vigente/por validar,69799,2022-12-21T13:35:00,283e3a2a0ae1236292a839754d1c2d52ed8cd1fabb941c7cda004516024515a1
Ruedas/En vigor/Auditorias/2024/IATF/2022/MC-01_B_Manual_de_Calidad_DADA_RUEDAS.pdf,Ruedas,MC-01_B_Manual_de_Calidad_DADA_RUEDAS.pdf,pdf,MC-01,B,Vigente/por validar,700099,2022-12-21T13:38:06,2ae5738833d1e721f13be170e52c49d4fa5e548b53788e4e57d209cb99c2be8d
Ruedas/En vigor/Auditorias/2024/IATF/2022/RD-001_B_Revision_por_la_Dirección_RUEDAS_2020 (1).docx,Ruedas,RD-001_B_Revision_por_la_Dirección_RUEDAS_2020 (1).docx,docx,RD-001,B,Vigente/por validar,283533,2022-12-21T21:03:18,9b92521ec6aa8b25adafedc6fc7daa2892e43f027735b863f259ec2302068e76
Ruedas/En vigor/Auditorias/2024/IATF/2022/RD-001_B_Revision_por_la_Dirección_RUEDAS_2020 (1).pdf,Ruedas,RD-001_B_Revision_por_la_Dirección_RUEDAS_2020 (1).pdf,pdf,RD-001,B,Vigente/por validar,949347,2022-12-21T21:03:44,e85e33fda0ad05ff51ed3ef61bbaee9d621a04057fa8f9d4d899975e15465d71
Ruedas/En vigor/Auditorias/2024/IATF/2022/Respuestas auditoria 2021.pdf,Ruedas,Respuestas auditoria 2021.pdf,pdf,RESPUEST,,Vigente/por validar,843120,2022-12-21T13:28:16,5a8fdfb4177df2292144d0dea88d41b2a5f494aa73f420c401e1c31e35b5ceee
Ruedas/En vigor/Auditorias/2024/IATF/2022/WhatsApp Image 2022-12-21 at 12.39.48.jpeg,Ruedas,WhatsApp Image 2022-12-21 at 12.39.48.jpeg,jpeg,WHATSAPP,,Vigente/por validar,98831,2022-12-21T13:28:36,f93bceef95904896a50db5c9261fb4395d1bbf82ade2ce6d39049c6a7a87c8cb
Ruedas/En vigor/Auditorias/2024/IATF/2023/17.Feb.23-NcManagement-092891-TS-M06998-0641_21-29.Dec.2022-30.Dec.2022.pdf,Ruedas,17.Feb.23-NcManagement-092891-TS-M06998-0641_21-29.Dec.2022-30.Dec.2022.pdf,pdf,,,Vigente/por validar,182758,2023-11-23T09:46:58,3c780bd770ff6642cc8dab572a7b62448fd7b1d9d8f83ccf55a0ff847fa16bdc
Ruedas/En vigor/Auditorias/2024/IATF/2023/CSR AITF 16949 Oct 2023.pdf,Ruedas,CSR AITF 16949 Oct 2023.pdf,pdf,CSR,,Vigente/por validar,382123,2023-11-23T14:19:50,b8a03129b29469e48dffe50a5379a659c247143b98cb15e98652464eed87678b
Ruedas/En vigor/Auditorias/2024/IATF/2023/CommonReport-W00148C-202311231232(1).pdf,Ruedas,CommonReport-W00148C-202311231232(1).pdf,pdf,COMMONRE,,Vigente/por validar,49493,2023-11-23T09:50:20,3e3509cba85d6263239f59f3377beb2f0e13f8431f8160b64d20cbcc37d93f67
Ruedas/En vigor/Auditorias/2024/IATF/2023/Contexto y partes interesadas.xlsx,Ruedas,Contexto y partes interesadas.xlsx,xlsx,CONTEXTO,Y,Vigente/por validar,144951,2023-11-23T14:05:46,b303d25082be1b85573aa932cd4214a645cb15713336647d5c69ec16b018c787
Ruedas/En vigor/Auditorias/2024/IATF/2023/Copia de Indicadores Logistica 2023.pdf,Ruedas,Copia de Indicadores Logistica 2023.pdf,pdf,COPIA,,Vigente/por validar,615139,2023-11-23T09:41:28,fc372d9805cba6ccb8dd9deb6513fc4cd00939a546b69c7e2aaa536267701a2e
Ruedas/En vigor/Auditorias/2024/IATF/2023/FG-09 B informe auditoria interna Ruedas.docx,Ruedas,FG-09 B informe auditoria interna Ruedas.docx,docx,FG-09,B,Vigente/por validar,48264,2023-11-24T09:39:08,cffb0ee75f15b1bda964a7f013e33d68823ef8e5d2342ef77b5d92423f2f58b4
Ruedas/En vigor/Auditorias/2024/IATF/2023/FG-09 B informe auditoria interna Ruedas.pdf,Ruedas,FG-09 B informe auditoria interna Ruedas.pdf,pdf,FG-09,B,Vigente/por validar,855619,2023-11-24T09:38:58,71e0398468806c8efaac8c9244ce1331e02175b2804352f4ec439fe812fc8180
Ruedas/En vigor/Auditorias/2024/IATF/2023/Indicador portal.pdf,Ruedas,Indicador portal.pdf,pdf,INDICADO,,Vigente/por validar,261070,2023-11-23T09:44:36,9424112a9cc36cafae3b720229bb1a96dd12818ffd4256d47c71f38c91c52141
Ruedas/En vigor/Auditorias/2024/IATF/2023/MC-01_B_Manual_de_Calidad_DADA_RUEDAS.DOCX,Ruedas,MC-01_B_Manual_de_Calidad_DADA_RUEDAS.DOCX,docx,MC-01,B,Vigente/por validar,69799,2022-12-21T13:35:00,283e3a2a0ae1236292a839754d1c2d52ed8cd1fabb941c7cda004516024515a1
Ruedas/En vigor/Auditorias/2024/IATF/2023/MC-01_B_Manual_de_Calidad_DADA_RUEDAS.pdf,Ruedas,MC-01_B_Manual_de_Calidad_DADA_RUEDAS.pdf,pdf,MC-01,B,Vigente/por validar,700099,2022-12-21T13:38:06,2ae5738833d1e721f13be170e52c49d4fa5e548b53788e4e57d209cb99c2be8d
Ruedas/En vigor/Auditorias/2024/IATF/2023/MP-RUE-01_Mapa_de_procesos.pdf,Ruedas,MP-RUE-01_Mapa_de_procesos.pdf,pdf,MP-RUE-01,,Vigente/por validar,426122,2023-11-23T09:33:00,637f94f4c156f54455831ee40a5c594f029afa238ba6317ef37ea7bc2f50b9aa
Ruedas/En vigor/Auditorias/2024/IATF/2023/RD-001_B_Revision_por_la_Dirección_RUEDAS_2023.docx,Ruedas,RD-001_B_Revision_por_la_Dirección_RUEDAS_2023.docx,docx,RD-001,B,Vigente/por validar,325165,2023-11-24T09:36:38,55570f4cb63f41e37cab99fe8c8b363d1d6bb2ee8f75f8f671eb317c8b2d8cce
Ruedas/En vigor/Auditorias/2024/IATF/2023/RD-001_B_Revision_por_la_Dirección_RUEDAS_2023.pdf,Ruedas,RD-001_B_Revision_por_la_Dirección_RUEDAS_2023.pdf,pdf,RD-001,B,Vigente/por validar,1029518,2023-11-24T09:37:02,05902b8f3b68452f7d80074508a7580810f2f9ca2929501e96a785a404185adb
Ruedas/En vigor/Auditorias/2024/IATF/2023/SQP.pdf,Ruedas,SQP.pdf,pdf,SQP,,Vigente/por validar,232583,2023-11-23T09:25:58,b3c6b82c7bac9c630078b2f896fff079da497c3ab2635d5b8146354938cb5b0c
Ruedas/En vigor/Auditorias/2024/IATF/2023/Thumbs.db,Ruedas,Thumbs.db,db,THUMBS,,Vigente/por validar,15872,2025-11-17T13:08:42,e785e5fc48bc78b7dcf243d51d74eb16b6a99be941762ee9db412dfb4037577d
Ruedas/En vigor/Auditorias/2024/IMQ_v2024_W00148C_20241111-0939.pdf,Ruedas,IMQ_v2024_W00148C_20241111-0939.pdf,pdf,IMQ,,Vigente/por validar,4764744,2024-11-11T09:55:02,4dca88ddc51294ebfb044d6984d39d6365261a9a622e88e6a084fdfbc4216dc5
Ruedas/En vigor/Auditorias/2024/IMQ_v2024_W00148C_20241111-0939.xlsx,Ruedas,IMQ_v2024_W00148C_20241111-0939.xlsx,xlsx,IMQ,,Vigente/por validar,1788805,2024-11-11T09:55:24,9058bedba82468079653a1d42b9f5167ab02f07a4af38fa05e2ef49aa7261b63
Ruedas/En vigor/Auditorias/2024/Indicadores Logistica 2024.xls,Ruedas,Indicadores Logistica 2024.xls,xls,INDICADO,,Vigente/por validar,281600,2024-11-11T13:57:32,6fdab822c7ff60e8a19ad1e4880d97f1ea26793727287cd3f231eabe9d343607
Ruedas/En vigor/Auditorias/2024/MC-01_D_Manual_de_Calidad_DADA_RUEDAS.DOCX,Ruedas,MC-01_D_Manual_de_Calidad_DADA_RUEDAS.DOCX,docx,MC-01,D,Vigente/por validar,76233,2024-10-28T15:44:08,51cfefb6d7b73a265450902da2351a73d89883480e90a7c5c22b2da02b31824b
Ruedas/En vigor/Auditorias/2024/MC-01_D_Manual_de_Calidad_DADA_RUEDAS.pdf,Ruedas,MC-01_D_Manual_de_Calidad_DADA_RUEDAS.pdf,pdf,MC-01,D,Vigente/por validar,703146,2024-10-30T14:38:52,f07ee7207cd6afc35ea68675386b601ef4c53fc4fbe36c5617dfab5acff87259
Ruedas/En vigor/Auditorias/2024/MP-RUE-01_Mapa_de_procesos.pdf,Ruedas,MP-RUE-01_Mapa_de_procesos.pdf,pdf,MP-RUE-01,,Vigente/por validar,409174,2024-11-11T08:18:32,2a0aa326f319fb54b7ce4b2df9a64f68be3dbbc22ae06740cc44e9ccff974ad7
Ruedas/En vigor/Auditorias/2024/P-SG-18.E_Anexo_2_Plan_de_Capacitación.xls,Ruedas,P-SG-18.E_Anexo_2_Plan_de_Capacitación.xls,xls,P-SG-18,P,Vigente/por validar,143872,2024-11-15T14:29:04,27061f052e8299f478bc2f6f31259082918fa7980caf8481dd3069aa9a6d09c3
Ruedas/En vigor/Auditorias/2024/PG-15 A Actividades_de_calidad .xlsx,Ruedas,PG-15 A Actividades_de_calidad .xlsx,xlsx,PG-15,A,Vigente/por validar,34668,2024-11-19T17:47:06,46281a7956823d12f07e8c58e4fc9dbab704e9790871a2e06da3d8273a8e9ced
Ruedas/En vigor/Auditorias/2024/PG-15_A_actividades_de_calidad.xlsx,Ruedas,PG-15_A_actividades_de_calidad.xlsx,xlsx,PG-15,A,Vigente/por validar,32404,2024-10-17T10:14:32,7176ca37119285c839e6f3f209df2df88593482a0384ec314945420f0d70cd97
Ruedas/En vigor/Auditorias/2024/RD-001 B Revision por la Dirección RUEDAS 2024.docx,Ruedas,RD-001 B Revision por la Dirección RUEDAS 2024.docx,docx,RD-001,B,Vigente/por validar,490739,2024-11-11T08:41:02,2b4fe54006fa0de6c3e75c1517b4f0c4ea15cd1d41da21da934d0860fb1e2997
Ruedas/En vigor/Auditorias/2024/RD-001 B Revision por la Dirección RUEDAS 2024.pdf,Ruedas,RD-001 B Revision por la Dirección RUEDAS 2024.pdf,pdf,RD-001,B,Vigente/por validar,1197003,2024-11-11T08:40:38,7d7229121fc2d3d0f3bf834636c71e08e3978c0997e3af8426a3b1bfd624acd1
Ruedas/En vigor/Auditorias/2024/RD-001 C  Formato Revision por la Dirección RUEDAS 2024.docx,Ruedas,RD-001 C  Formato Revision por la Dirección RUEDAS 2024.docx,docx,RD-001,C,Vigente/por validar,29645,2024-12-02T10:45:05,a6b5a4cea6683ccf537f8f56e8104c9a48ba451ba7d9fd7d1f4ca502a4364871
Ruedas/En vigor/Auditorias/2024/RD-001 C  Revision por la Dirección RUEDAS 2024.docx,Ruedas,RD-001 C  Revision por la Dirección RUEDAS 2024.docx,docx,RD-001,C,Vigente/por validar,490719,2024-12-02T10:36:11,6c7cf87e89a92d8c4dadf04739dca7784620eb7f10a27e5adb729d62b3799960
Ruedas/En vigor/Auditorias/2024/Respuestas 2024/02.Dec.24-NcManagement-105750-TS-M06998-0766_24-19.Nov.2024-21.Nov.2024.json,Ruedas,02.Dec.24-NcManagement-105750-TS-M06998-0766_24-19.Nov.2024-21.Nov.2024.json,json,,,Vigente/por validar,27222997,2024-12-02T13:19:45,d7fb8a2f0dfe22435d1300091d5e6289cfb3448016b9675f8933a8db1f871d41
Ruedas/En vigor/Auditorias/2024/Respuestas 2024/02.Dec.24-NcManagement-105750-TS-M06998-0766_24-19.Nov.2024-21.Nov.2024.pdf,Ruedas,02.Dec.24-NcManagement-105750-TS-M06998-0766_24-19.Nov.2024-21.Nov.2024.pdf,pdf,,,Vigente/por validar,148506,2024-12-02T13:34:11,fab2e33d5308bae0503283b03b82cdb2cea024723fb5440b4a54f0bc8c710039
Ruedas/En vigor/Auditorias/2024/Respuestas 2024/02.Dec.24-NcManagement-105750-TS-M06998-0766_24-19.Nov.2024-21.Nov.2024.rar,Ruedas,02.Dec.24-NcManagement-105750-TS-M06998-0766_24-19.Nov.2024-21.Nov.2024.rar,rar,,,Vigente/por validar,10065659,2024-12-02T13:37:51,dc283ed7483651d91f5daf108e034213137299bc7a2d9a72bda1cc146ca8aed1
Ruedas/En vigor/Auditorias/2024/Respuestas 2024/1/25.docx,Ruedas,25.docx,docx,,,Vigente/por validar,151288,2024-11-25T14:02:40,6435ad62ea591e15a3e3a06152d8b3cdb1c05db635d16e9ba090e6f985e4ac5e
Ruedas/En vigor/Auditorias/2024/Respuestas 2024/1/Analisis y resolución de problemas 8D.pdf,Ruedas,Analisis y resolución de problemas 8D.pdf,pdf,ANALISIS,Y,Vigente/por validar,571693,2024-12-02T09:49:59,8370e3c050b2217ff1f8dca0a75c90fa01df89076d90d23319e0ff741db6a51d
Ruedas/En vigor/Auditorias/2024/Respuestas 2024/1/Analisis y resolución de problemas 8D.xls,Ruedas,Analisis y resolución de problemas 8D.xls,xls,ANALISIS,Y,Vigente/por validar,1446400,2024-11-29T13:34:49,a5bee49e4c1cdd3ea81e0c45d913ac3979a0c44fc70ca929acac18d89e0b3247
Ruedas/En vigor/Auditorias/2024/Respuestas 2024/1/Captura de pantalla 2024-12-02 095754.png,Ruedas,Captura de pantalla 2024-12-02 095754.png,png,CAPTURA,,Vigente/por validar,42572,2024-12-02T09:58:09,04a2933c39217467582f0520efb9d576f873bbbe7ca2591a19504d40a9c0ad81
Ruedas/En vigor/Auditorias/2024/Respuestas 2024/1/Correo.pdf,Ruedas,Correo.pdf,pdf,CORREO,,Vigente/por validar,211079,2024-12-02T10:01:12,df82275dcbf44f5df0795439499a37a2a75982d45dd85ead153dfa7ea2e22c3e
Ruedas/En vigor/Auditorias/2024/Respuestas 2024/1/ING-004 I Gestión de cambio.doc,Ruedas,ING-004 I Gestión de cambio.doc,doc,ING-004,I,Vigente/por validar,226816,2024-11-26T10:42:44,37f8db437d33debbacdc229628260e251bfc339f62c34c9b32d8d17c8a7ea210
Ruedas/En vigor/Auditorias/2024/Respuestas 2024/1/ING-004 I Gestión de cambio.pdf,Ruedas,ING-004 I Gestión de cambio.pdf,pdf,ING-004,I,Vigente/por validar,174642,2024-12-02T09:51:56,00ffc86add8e68fea200d201b9524bd5a66086bd57e37c7b5fabff7d078baff6
Ruedas/En vigor/Auditorias/2024/Respuestas 2024/1/MC-01 E Manual_de_Calidad_DADA_RUEDAS.DOCX,Ruedas,MC-01 E Manual_de_Calidad_DADA_RUEDAS.DOCX,docx,MC-01,E,Vigente/por validar,76808,2024-11-27T14:45:30,bb52d894530cf45c1aac64655e183de7968e66862da94272fef714f75fcdca30
Ruedas/En vigor/Auditorias/2024/Respuestas 2024/1/MC-01 E Manual_de_Calidad_DADA_RUEDAS.pdf,Ruedas,MC-01 E Manual_de_Calidad_DADA_RUEDAS.pdf,pdf,MC-01,E,Vigente/por validar,711454,2024-12-02T09:51:40,be9a98e986a83db4561a7bef3ebfd4e3555e431bc96d8bf7d6bebae97b84da02
Ruedas/En vigor/Auditorias/2024/Respuestas 2024/1/Notificación cambios.pdf,Ruedas,Notificación cambios.pdf,pdf,NOTIFICA,,Vigente/por validar,451367,2024-11-25T14:02:52,f36088ca5adffb289c560b0df4a5fee7990d9a51a59e9b2c09b8cce31af30100
Ruedas/En vigor/Auditorias/2024/Respuestas 2024/1/P-SG-18 F Procedimiento Comunicación interna y externa.doc,Ruedas,P-SG-18 F Procedimiento Comunicación interna y externa.doc,doc,P-SG-18,P,Vigente/por validar,98816,2024-12-02T09:51:07,7bf1f725e43eda9ce72738afe711563906742cd721c315075812555aa22e43cc
Ruedas/En vigor/Auditorias/2024/Respuestas 2024/1/P-SG-18 F Procedimiento Comunicación interna y externa.pdf,Ruedas,P-SG-18 F Procedimiento Comunicación interna y externa.pdf,pdf,P-SG-18,P,Vigente/por validar,420767,2024-12-02T09:51:04,6a5510c40ac1bd52b62a1a2eefffdc50032cf76ed504455071cbf0f68f979c9a
Ruedas/En vigor/Auditorias/2024/Respuestas 2024/1/PG-07 C Procedimineto uditorias internas.DOCX,Ruedas,PG-07 C Procedimineto uditorias internas.DOCX,docx,PG-07,C,Vigente/por validar,37918,2024-11-28T10:25:06,bb9a06990eed62fb4310fa63ae20b92483ae1761901ef5a7ca51bd98f01b3fc5
Ruedas/En vigor/Auditorias/2024/Respuestas 2024/1/PG-07 C Procedimineto uditorias internas.pdf,Ruedas,PG-07 C Procedimineto uditorias internas.pdf,pdf,PG-07,C,Vigente/por validar,575071,2024-12-02T09:51:22,c60c6a00419576d31bbb8265970fbe8bc6edf41acc9329dfb1aaa4e37a002123
Ruedas/En vigor/Auditorias/2024/Respuestas 2024/1/Thumbs.db,Ruedas,Thumbs.db,db,THUMBS,,Vigente/por validar,15872,2025-11-18T09:56:17,7a54f624113622cbbeb6902d2e9d5f4c46421c08a7f016dcbdc59e10e4404282
Ruedas/En vigor/Auditorias/2024/Respuestas 2024/2/Analisis y resolución de problemas 8D.pdf,Ruedas,Analisis y resolución de problemas 8D.pdf,pdf,ANALISIS,Y,Vigente/por validar,576129,2024-12-02T10:05:09,99979ca10df5362378e86f7d4f7b4f71e4a637cff12c25cbf3b9277cf9d678d9
Ruedas/En vigor/Auditorias/2024/Respuestas 2024/2/Analisis y resolución de problemas 8D.xls,Ruedas,Analisis y resolución de problemas 8D.xls,xls,ANALISIS,Y,Vigente/por validar,1444864,2024-11-29T13:50:38,1e4acd14cc070665b1e07b640203298c4c77ebb7639b4483ad5946b20029d055
Ruedas/En vigor/Auditorias/2024/Respuestas 2024/2/ISONIC NC02.pdf,Ruedas,ISONIC NC02.pdf,pdf,ISONIC,,Vigente/por validar,247414,2024-12-02T10:20:59,a941d37a29146ed4d8db58b76974ab2f065d450d95742733e3271c5cfed0e2d8
Ruedas/En vigor/Auditorias/2024/Respuestas 2024/2/MC-01 E Manual_de_Calidad_DADA_RUEDAS.DOCX,Ruedas,MC-01 E Manual_de_Calidad_DADA_RUEDAS.DOCX,docx,MC-01,E,Vigente/por validar,76808,2024-11-27T14:45:30,bb52d894530cf45c1aac64655e183de7968e66862da94272fef714f75fcdca30
Ruedas/En vigor/Auditorias/2024/Respuestas 2024/2/MC-01 E Manual_de_Calidad_DADA_RUEDAS.pdf,Ruedas,MC-01 E Manual_de_Calidad_DADA_RUEDAS.pdf,pdf,MC-01,E,Vigente/por validar,711454,2024-12-02T09:51:40,be9a98e986a83db4561a7bef3ebfd4e3555e431bc96d8bf7d6bebae97b84da02
Ruedas/En vigor/Auditorias/2024/Respuestas 2024/2/MP-RUE-01 B Mapa de procesos.pdf,Ruedas,MP-RUE-01 B Mapa de procesos.pdf,pdf,MP-RUE-01,B,Vigente/por validar,436483,2025-02-04T09:40:24,b2cfa4145858e753b9a3b4a7304f22cbaf2466312973fe5a397803bb1cfac7cc
Ruedas/En vigor/Auditorias/2024/Respuestas 2024/2/MP-RUE-01 B Mapa de procesos.xlsx,Ruedas,MP-RUE-01 B Mapa de procesos.xlsx,xlsx,MP-RUE-01,B,Vigente/por validar,52087,2025-02-04T09:40:03,2d54617b746e88f4fbdedead1d83c4e5447c6f2af12c4e59b6460d2ad49549d2
Ruedas/En vigor/Auditorias/2024/Respuestas 2024/2/Mapa con sitios y actividades.pdf,Ruedas,Mapa con sitios y actividades.pdf,pdf,MAPA,Y,Vigente/por validar,207781,2024-12-02T10:08:40,6036261b0783442f17d1985abab0922d9e86bb47f61887f8a46ef82fd48e437d
Ruedas/En vigor/Auditorias/2024/Respuestas 2024/2/Mapa con sitios.png,Ruedas,Mapa con sitios.png,png,MAPA,,Vigente/por validar,41382,2024-12-02T10:07:32,f8a553be7dd990f993cad74490bc25c79a267d9b52d42f5dbf5d112e59c30984
Ruedas/En vigor/Auditorias/2024/Respuestas 2024/2/PG-05 Control de los documentos G.doc,Ruedas,PG-05 Control de los documentos G.doc,doc,PG-05,G,Vigente/por validar,253952,2024-11-28T10:13:17,e1813be7cfd90f29ed3319ad91054f4c4a2c81d0abc200b97a43107e0f4bf7e6
Ruedas/En vigor/Auditorias/2024/Respuestas 2024/2/PG-05 Control de los documentos G.pdf,Ruedas,PG-05 Control de los documentos G.pdf,pdf,PG-05,G,Vigente/por validar,456310,2024-12-02T10:09:23,27a56640ee829e762fb8e905e2a37bbe48224bb84a640dacaebd36c169f53f37
Ruedas/En vigor/Auditorias/2024/Respuestas 2024/2/Thumbs.db,Ruedas,Thumbs.db,db,THUMBS,,Vigente/por validar,47616,2025-11-17T13:08:40,ab05cc52009df9c3a0cb6112db77c1a281776fecf2cc110afe5795a95b1820bd
Ruedas/En vigor/Auditorias/2024/Respuestas 2024/3/Analisis y resolución de problemas 8D.pdf,Ruedas,Analisis y resolución de problemas 8D.pdf,pdf,ANALISIS,Y,Vigente/por validar,572513,2024-12-02T11:40:12,d731224eeafe95b4258ad8da5ea52a99e8cb5f9f0e3ee10bbcdcae229eebd8f8
Ruedas/En vigor/Auditorias/2024/Respuestas 2024/3/Analisis y resolución de problemas 8D.xls,Ruedas,Analisis y resolución de problemas 8D.xls,xls,ANALISIS,Y,Vigente/por validar,1443840,2024-11-29T14:01:44,69c66d45a6707a48c0223ad0bfec39c65e9e493e8d8889aa52c3df201ce0c925
Ruedas/En vigor/Auditorias/2024/Respuestas 2024/3/MC-01 E Manual_de_Calidad_DADA_RUEDAS.DOCX,Ruedas,MC-01 E Manual_de_Calidad_DADA_RUEDAS.DOCX,docx,MC-01,E,Vigente/por validar,76808,2024-11-27T14:45:30,bb52d894530cf45c1aac64655e183de7968e66862da94272fef714f75fcdca30
Ruedas/En vigor/Auditorias/2024/Respuestas 2024/3/PG-07 C Procedimineto uditorias internas.DOCX,Ruedas,PG-07 C Procedimineto uditorias internas.DOCX,docx,PG-07,C,Vigente/por validar,37918,2024-11-28T10:25:06,bb9a06990eed62fb4310fa63ae20b92483ae1761901ef5a7ca51bd98f01b3fc5
Ruedas/En vigor/Auditorias/2024/Respuestas 2024/3/PG-07 C Procedimineto uditorias internas.pdf,Ruedas,PG-07 C Procedimineto uditorias internas.pdf,pdf,PG-07,C,Vigente/por validar,575072,2024-12-02T11:44:39,f13b5245d666fbe4d79a595856d8a95a003cc5f786015d26c7de2aa5f7fc7df3
Ruedas/En vigor/Auditorias/2024/Respuestas 2024/3/RD-001 C  Formato Revision por la Dirección RUEDAS 2024.pdf,Ruedas,RD-001 C  Formato Revision por la Dirección RUEDAS 2024.pdf,pdf,RD-001,C,Vigente/por validar,621874,2024-12-02T10:45:24,904f159ba4f3810f49d261649cb629de204c7161549232d5b9a8b66cc958bbd7
Ruedas/En vigor/Auditorias/2024/Respuestas 2024/3/RD-001 C  Revision por la Dirección RUEDAS 2024.pdf,Ruedas,RD-001 C  Revision por la Dirección RUEDAS 2024.pdf,pdf,RD-001,C,Vigente/por validar,1142365,2024-12-02T11:35:20,b8d200e7af243956d1d148328b8874e5b1862228fd5ebdfa0257fc62fe0affac
Ruedas/En vigor/Auditorias/2024/Respuestas 2024/3/Thumbs.db,Ruedas,Thumbs.db,db,THUMBS,,Vigente/por validar,21504,2025-11-18T09:56:11,4afc57abbbd7ebd834503ca4ac93a3e0f29721b92bf99403df158aba09efb4fe
Ruedas/En vigor/Auditorias/2024/Respuestas 2024/3/evidencia ISONIC.pdf,Ruedas,evidencia ISONIC.pdf,pdf,EVIDENCI,,Vigente/por validar,226781,2024-12-02T10:39:30,524d1cd25833e8fe8ca77e97469e9adc02f1852f0239c467b6d5ae7a6ee04ba4
Ruedas/En vigor/Auditorias/2024/Respuestas 2024/4/Analisis y resolución de problemas 8D.pdf,Ruedas,Analisis y resolución de problemas 8D.pdf,pdf,ANALISIS,Y,Vigente/por validar,566912,2024-12-02T11:47:32,cc635959bed836c9dc07ef9e1d455383adef4257e2a661eca71e166fa04bd434
Ruedas/En vigor/Auditorias/2024/Respuestas 2024/4/Analisis y resolución de problemas 8D.xls,Ruedas,Analisis y resolución de problemas 8D.xls,xls,ANALISIS,Y,Vigente/por validar,1443840,2024-11-29T14:04:56,f2fe64c7d4e25537de46ca73b262bd1ad4d18fcb348f7c5164808a21fd843bff
Ruedas/En vigor/Auditorias/2024/Respuestas 2024/4/PG-10 H Acciones correctivas y preventivas ).doc,Ruedas,PG-10 H Acciones correctivas y preventivas ).doc,doc,PG-10,H,Vigente/por validar,159232,2024-11-29T13:34:56,6857d8ebb9d5d737a502dea5dec7d2663c7f8b8df3959bfa2b6fc3a6aff5b22b
Ruedas/En vigor/Auditorias/2024/Respuestas 2024/4/PG-10 H Acciones correctivas y preventivas ).pdf,Ruedas,PG-10 H Acciones correctivas y preventivas ).pdf,pdf,PG-10,H,Vigente/por validar,175287,2024-12-02T11:47:52,836e43cb4e916f0439e81f7ff3175e861489e965184463c31ef08c91db0ce3dc
Ruedas/En vigor/Auditorias/2024/Respuestas 2024/4/Plan de accion.pdf,Ruedas,Plan de accion.pdf,pdf,PLAN,,Vigente/por validar,453477,2024-12-02T13:05:14,56572ed51f430202cceb7295b2642561c09345d8396268e911e1bf6db063dc1b
Ruedas/En vigor/Auditorias/2024/Respuestas 2024/4/Thumbs.db,Ruedas,Thumbs.db,db,THUMBS,,Vigente/por validar,14848,2025-11-18T14:12:52,229b2cbff497aea53f2ab18f7a1ee5fec7323f5a1531910b1b437cc7ffcc4ce4
Ruedas/En vigor/Auditorias/2024/Respuestas 2024/Analisis y resolución de problemas 8D.xls,Ruedas,Analisis y resolución de problemas 8D.xls,xls,ANALISIS,Y,Vigente/por validar,1437184,2024-01-12T10:29:48,a087e0992652c25d7d9443cbec1749e9b22054ad42b9f4eda52974aa9a58e791
Ruedas/En vigor/Auditorias/2024/Respuestas 2024/Plan de accion 2024 IATF.pdf,Ruedas,Plan de accion 2024 IATF.pdf,pdf,PLAN,,Vigente/por validar,468277,2024-12-02T09:59:02,73c0954f1d25c6b22cf793cd07509e50ecb58a81e0795563174db7163a51e739
Ruedas/En vigor/Auditorias/2024/Respuestas 2024/Plan de accion 2024 IATF.xls,Ruedas,Plan de accion 2024 IATF.xls,xls,PLAN,,Vigente/por validar,129536,2025-02-04T10:26:10,d9bfb52512ceda497c9c96957e16506fdc5ec61c120e41861694f1f97190c60b
Ruedas/En vigor/Auditorias/2024/Respuestas IATF/2/Analisis y resolución de problemas 8D.xls,Ruedas,Analisis y resolución de problemas 8D.xls,xls,ANALISIS,Y,Vigente/por validar,1437184,2024-01-19T14:36:38,e73a2137c67ec56010c4c69808f9bb337b78cef6cd524e12ee819eaa947c4612
Ruedas/En vigor/Auditorias/2024/Respuestas IATF/2/FG-06_B_Matriz_politica_objetivos_con_indicadores.pdf,Ruedas,FG-06_B_Matriz_politica_objetivos_con_indicadores.pdf,pdf,FG-06,B,Vigente/por validar,24053,2024-01-19T14:12:24,1dc4f2f705f7142547c72a2c9eb90c6dddc626718f509c31b5e665b6ee2943d6
Ruedas/En vigor/Auditorias/2024/Respuestas IATF/2/FG-06_B_Matriz_politica_objetivos_con_indicadores.xls,Ruedas,FG-06_B_Matriz_politica_objetivos_con_indicadores.xls,xls,FG-06,B,Vigente/por validar,161792,2024-01-19T11:57:26,d181b2da069e35a909838f20dbf052b434d4be67a631244eef6c36570d6b0638
Ruedas/En vigor/Auditorias/2024/Respuestas IATF/2/Thumbs.db,Ruedas,Thumbs.db,db,THUMBS,,Vigente/por validar,14848,2025-11-17T08:20:52,219e5d5300d35d56255898fa3091c635899e4539aaa73c4fbac23448c9e3403c
Ruedas/En vigor/Auditorias/2024/Respuestas IATF/3/Analisis y resolución de problemas 8D.xls,Ruedas,Analisis y resolución de problemas 8D.xls,xls,ANALISIS,Y,Vigente/por validar,1436672,2024-01-19T11:53:24,458b1138995bdbfc22b60c570a99bc247d4b02579b7f1cdcc13145f322224c8f
Ruedas/En vigor/Auditorias/2024/Respuestas IATF/3/IS-012A Cyberataque.doc,Ruedas,IS-012A Cyberataque.doc,doc,IS-012A,,Vigente/por validar,133120,2024-01-19T14:39:08,310e92f6732cfc998500d44cd1fb65bffb6b11f5696da869babb0de2c284dbab
Ruedas/En vigor/Auditorias/2024/Respuestas IATF/3/PG-15 A Actividades_de_calidad .pdf,Ruedas,PG-15 A Actividades_de_calidad .pdf,pdf,PG-15,A,Vigente/por validar,241833,2024-01-19T11:54:24,17c5ee41e17cf5b7e106d8891fe780b9690c4fb4fa75c8df78235f4d95766308
Ruedas/En vigor/Auditorias/2024/Respuestas IATF/3/Thumbs.db,Ruedas,Thumbs.db,db,THUMBS,,Vigente/por validar,11264,2025-11-14T15:32:52,363536b10a4fb8f5248e02cf57a281fbf7b089a9457c4e3d85e6f3f672cca3db
Ruedas/En vigor/Auditorias/2024/Respuestas IATF/4/Analisis y resolución de problemas 8D.xls,Ruedas,Analisis y resolución de problemas 8D.xls,xls,ANALISIS,Y,Vigente/por validar,1437696,2024-01-19T09:59:30,394c67cba9b48528aaabf1c62d26ca89e9095e373823521ac0b626a5070e6461
Ruedas/En vigor/Auditorias/2024/Respuestas IATF/4/RD-001_C_Revision_por_la_Dirección_RUEDAS_2023.docx,Ruedas,RD-001_C_Revision_por_la_Dirección_RUEDAS_2023.docx,docx,RD-001,C,Vigente/por validar,32626,2024-01-18T15:10:38,6f41d956849b18a8a583e1c2484b0698a7f1572b9d4fb2f8531fc4eb6306c3a0
Ruedas/En vigor/Auditorias/2024/Respuestas IATF/Analisis y resolución de problemas 8D.pdf,Ruedas,Analisis y resolución de problemas 8D.pdf,pdf,ANALISIS,Y,Vigente/por validar,286413,2024-01-12T10:29:34,6c92b980bc0e96f23b3e84a130e1968bd5c672437f40509d07d7879c22b21f5d
Ruedas/En vigor/Auditorias/2024/Respuestas IATF/Analisis y resolución de problemas 8D.xls,Ruedas,Analisis y resolución de problemas 8D.xls,xls,ANALISIS,Y,Vigente/por validar,1437184,2024-01-12T10:29:48,081b377ddd3e0c616a24543958292d7694bfb0dd83667230a3947931333c49cb
Ruedas/En vigor/Auditorias/2024/Respuestas IATF/Completo F.0038.26_REMOTA_Datos y Plan de Auditoría_2ª SUP IATF 2022_DADA.xlsx,Ruedas,Completo F.0038.26_REMOTA_Datos y Plan de Auditoría_2ª SUP IATF 2022_DADA.xlsx,xlsx,COMPLETO,F,Vigente/por validar,2098109,2023-11-24T09:49:24,14b22a1acf6d299d1bf68027137110f225b865b537d28d9aa99959c8a7ff005d
Ruedas/En vigor/Auditorias/2024/Respuestas IATF/Copia de F.0038.28.E_Datos y Plan de Auditoría_RECERT IATF_DADA.xlsx,Ruedas,Copia de F.0038.28.E_Datos y Plan de Auditoría_RECERT IATF_DADA.xlsx,xlsx,COPIA,F,Vigente/por validar,3961910,2023-11-24T13:28:52,9cf5594edb25bf7f6c0436e6ed415a9b6dbfb1b1fa999fec8c1a453077bc0364
Ruedas/En vigor/Auditorias/2024/Respuestas IATF/Copia de Plan de accion 2023 IATF.xls,Ruedas,Copia de Plan de accion 2023 IATF.xls,xls,COPIA,,Vigente/por validar,118784,2024-01-11T15:30:56,5575fda376e889dc13a0997bb96c2415051e24e5564ab4cc6a6cdd9c704d4e70
Ruedas/En vigor/Auditorias/2024/Respuestas IATF/DC FI 050 DADA Datos de la organización Rev 10.doc,Ruedas,DC FI 050 DADA Datos de la organización Rev 10.doc,doc,DC,10,Vigente/por validar,170496,2023-11-22T15:20:00,95b91afc8cc304d31f94a952b7bbfd48d785324358cc889c57e64f159af3db90
Ruedas/En vigor/Auditorias/2024/Respuestas IATF/D_IATF_3_E Transition checklist 20170329.docx,Ruedas,D_IATF_3_E Transition checklist 20170329.docx,docx,D,D,Vigente/por validar,45436,2023-11-23T15:22:54,96f1ae8da839eb01b9574eb9b010e050d0f9b36002cfcaf54cf07b0f1bb0af34
Ruedas/En vigor/Auditorias/2024/Respuestas IATF/FG-06_B_Matriz_politica_objetivos_con_indicadores.xls,Ruedas,FG-06_B_Matriz_politica_objetivos_con_indicadores.xls,xls,FG-06,B,Vigente/por validar,161792,2024-01-19T11:57:26,7d3ace4445f6aeec44b4f040c598b8e1e4da5b0d88418a58930f8b54f0669459
Ruedas/En vigor/Auditorias/2024/Respuestas IATF/FG-09-Cinforme auditoria interna Ruedas.docx,Ruedas,FG-09-Cinforme auditoria interna Ruedas.docx,docx,FG-09,,Vigente/por validar,48141,2023-11-23T15:42:46,0c7568cf52c9d231d5918dd4cbe65b5e6fac950b3d59da3dd3a41bdd5ed7e899
Ruedas/En vigor/Auditorias/2024/Respuestas IATF/MC-01_D_Manual_de_Calidad_DADA_RUEDAS.DOCX,Ruedas,MC-01_D_Manual_de_Calidad_DADA_RUEDAS.DOCX,docx,MC-01,D,Vigente/por validar,76648,2024-01-12T13:41:38,7daa38682d3a4df26c8b97a2f00e4989f26bc5a58c9fdd5463af6a3b3666a3d1
Ruedas/En vigor/Auditorias/2024/Respuestas IATF/MC-01_D_Manual_de_Calidad_DADA_RUEDAS.pdf,Ruedas,MC-01_D_Manual_de_Calidad_DADA_RUEDAS.pdf,pdf,MC-01,D,Vigente/por validar,330431,2024-01-12T13:41:22,ad8071b6312ffd55678a7ac10c476993cd0b00c41a1abf193e6f79017b0fbcf5
Ruedas/En vigor/Auditorias/2024/Respuestas IATF/Para cargar/1.pdf,Ruedas,1.pdf,pdf,,,Vigente/por validar,703146,2024-10-30T14:38:52,f07ee7207cd6afc35ea68675386b601ef4c53fc4fbe36c5617dfab5acff87259
Ruedas/En vigor/Auditorias/2024/Respuestas IATF/Para cargar/2.pdf,Ruedas,2.pdf,pdf,,,Vigente/por validar,24053,2024-01-19T14:12:24,1dc4f2f705f7142547c72a2c9eb90c6dddc626718f509c31b5e665b6ee2943d6
Ruedas/En vigor/Auditorias/2024/Respuestas IATF/Para cargar/3.pdf,Ruedas,3.pdf,pdf,,,Vigente/por validar,43236,2024-11-11T13:18:56,4af53a32d4398aa9d2bb20c622ec419af57f4bc83719d1704e851a43a5d5a013
Ruedas/En vigor/Auditorias/2024/Respuestas IATF/Para cargar/4.pdf,Ruedas,4.pdf,pdf,,,Vigente/por validar,1197003,2024-11-11T08:40:38,7d7229121fc2d3d0f3bf834636c71e08e3978c0997e3af8426a3b1bfd624acd1
Ruedas/En vigor/Auditorias/2024/Respuestas IATF/Para cargar/5.1.pdf,Ruedas,5.1.pdf,pdf,,,Vigente/por validar,945759,2024-11-11T13:41:10,fbb75d84f8f10849efdf5da4d4b81529b4c5de8035a4c0dafe9bb86131932810
Ruedas/En vigor/Auditorias/2024/Respuestas IATF/Para cargar/6.1.pdf,Ruedas,6.1.pdf,pdf,,,Vigente/por validar,209495,2024-11-11T13:42:00,b935b59121566e13d80ab45a7da05fcb53d22fdebcfa8607cb4b5e5147c64134
Ruedas/En vigor/Auditorias/2024/Respuestas IATF/Para cargar/7.1.pdf,Ruedas,7.1.pdf,pdf,,,Vigente/por validar,181930,2024-11-11T13:42:32,efda112a4b78cc0c7b24804b644c58768bbae317e1186f079b8331d83460b69a
Ruedas/En vigor/Auditorias/2024/Respuestas IATF/Para cargar/8.1.pdf,Ruedas,8.1.pdf,pdf,,,Vigente/por validar,202615,2024-11-11T13:42:56,3b7f9c6e46e8138b38f410ad87a70494c6d00a3104475b7ef54e72f07e06fa82
Ruedas/En vigor/Auditorias/2024/Respuestas IATF/Para cargar/8.2.pdf,Ruedas,8.2.pdf,pdf,,,Vigente/por validar,211243,2024-11-11T13:42:52,3eaecd1f3cfb11f3a577da03eb278f9e0cc982fbea67ef3db224d4c1ca1b67e4
Ruedas/En vigor/Auditorias/2024/Respuestas IATF/Para cargar/Auditoria Mantenimiento Presion - 1002461670.pdf,Ruedas,Auditoria Mantenimiento Presion - 1002461670.pdf,pdf,AUDITORI,,Vigente/por validar,438644,2024-11-11T13:42:06,32629e3ecd10deec414faf77901cfa9ef4f418929dbb0493d8ad2acd9e6a6155
Ruedas/En vigor/Auditorias/2024/Respuestas IATF/Para cargar/Cronograma Total Lay Out.pdf,Ruedas,Cronograma Total Lay Out.pdf,pdf,CRONOGRA,,Vigente/por validar,429142,2024-11-11T13:42:12,19af92db8be556e6827512f3b8a9667e5d3a9d9797478b3c2ab4d0880c6e9152
Ruedas/En vigor/Auditorias/2024/Respuestas IATF/Para cargar/ING-001.2 Solicitud de desvio.pdf,Ruedas,ING-001.2 Solicitud de desvio.pdf,pdf,ING-001.2,,Vigente/por validar,402013,2024-11-11T13:43:06,7dbf0679a23efdf456a87062337a09cdc5a23f3185d54d40fde2a13644bdadb2
Ruedas/En vigor/Auditorias/2024/Respuestas IATF/Para cargar/ING-006 Elaboración de cambios de Lay Out de Proceso D.pdf,Ruedas,ING-006 Elaboración de cambios de Lay Out de Proceso D.pdf,pdf,ING-006,D,Vigente/por validar,403759,2024-11-11T13:42:24,24f7218f8c0c01644e915d38bbd49f72eeb036a9494c690aa2b7d7373f663432
Ruedas/En vigor/Auditorias/2024/Respuestas IATF/Para cargar/Inspección - 1002604580.pdf,Ruedas,Inspección - 1002604580.pdf,pdf,INSPECCI,,Vigente/por validar,189245,2024-11-11T13:42:16,8b14e194e70a5371bb74e2802e08e8842d15c33e967886946adbff1dbfe0db53
Ruedas/En vigor/Auditorias/2024/Respuestas IATF/Para cargar/P Terminado -1002604580.pdf,Ruedas,P Terminado -1002604580.pdf,pdf,P,P,Vigente/por validar,587001,2024-11-11T13:41:50,03dc6fcb47a2409b89f91985f945953cb15004c4e2b4cb0fa30b26ee4cedde63
Ruedas/En vigor/Auditorias/2024/Respuestas IATF/Plan de accion 2023 IATF.xls,Ruedas,Plan de accion 2023 IATF.xls,xls,PLAN,,Vigente/por validar,119296,2024-10-22T13:57:52,e7d9c81cf2da2d65b9879eba4aedf95d07c9316e46091f4d05108b5ce8564cef
Ruedas/En vigor/Auditorias/2024/Respuestas IATF/Thumbs.db,Ruedas,Thumbs.db,db,THUMBS,,Vigente/por validar,14848,2025-11-18T14:12:38,e4a8e961e0fc0a0026226ebfa9ab4b2f2116b1e314c8f16b8501a6a38e7fe6d6
Ruedas/En vigor/Auditorias/2024/Thumbs.db,Ruedas,Thumbs.db,db,THUMBS,,Vigente/por validar,15872,2025-11-17T13:08:38,617bbaa1fb89deaa9424e61b20fed9c89cc76746f477ac70ad64f97091042b96
Ruedas/En vigor/Auditorias/2025/FG-05 Plan anual de Auditoria 2025 .xlsx,Ruedas,FG-05 Plan anual de Auditoria 2025 .xlsx,xlsx,FG-05,,Vigente/por validar,154301,2025-10-23T13:06:49,ae4a98725db1a3e842422161feeb169c284a1722acd0390b042f950a8f65be83
Ruedas/En vigor/Auditorias/2025/FG-09 B informe auditoria interna Ruedas 2025.docx,Ruedas,FG-09 B informe auditoria interna Ruedas 2025.docx,docx,FG-09,B,Vigente/por validar,56243,2025-11-04T14:26:54,0f8b48f4ddf4950cd41b2be5e21f1ce171f670dfe5ff2b45afc336e8a73f55a1
Ruedas/En vigor/Auditorias/2025/FG-09 B informe auditoria interna Ruedas 2025.pdf,Ruedas,FG-09 B informe auditoria interna Ruedas 2025.pdf,pdf,FG-09,B,Vigente/por validar,330194,2025-10-17T11:33:34,3d5391c76c9bb5488359ca3cac7dd00bed83e66fc139d7bc3d41fc4b0a8204bd
Ruedas/En vigor/Auditorias/2025/FG-09 Informe de Auditoria Interna COMPRAS.xlsx,Ruedas,FG-09 Informe de Auditoria Interna COMPRAS.xlsx,xlsx,FG-09,,Vigente/por validar,49385,2025-07-07T09:27:13,15d497babe45b1d4602bca36a093a109a6c472c41788738aa131939c21bec689
Ruedas/En vigor/Auditorias/2025/FG-09 Informe de Auditoria Interna RRHH.xlsx,Ruedas,FG-09 Informe de Auditoria Interna RRHH.xlsx,xlsx,FG-09,,Vigente/por validar,48051,2025-07-07T13:53:38,73e7ee95a05b7843985f2828c90c546714819e466af84eac4fb415a02070408d
Ruedas/En vigor/Auditorias/2025/FG-09 Informe de Auditoria InternaCalidad.xlsx,Ruedas,FG-09 Informe de Auditoria InternaCalidad.xlsx,xlsx,FG-09,,Vigente/por validar,49005,2025-10-23T12:01:22,d36bf6ef0b12cfe184b3a5db2ffc946081964fc6b1e4518d731ea23053c0263b
Ruedas/En vigor/Auditorias/2025/Plan de accion 2025.xls,Ruedas,Plan de accion 2025.xls,xls,PLAN,,Vigente/por validar,135680,2025-11-14T20:00:34,4cd306ea2997af540d97929dbf07054d4694abeefa500e901007555d3d66dee9
Ruedas/En vigor/Auditorias/CBA/FG-09_Informe_de_Auditoria_Interna_RUEDAS.xlsx,Ruedas,FG-09_Informe_de_Auditoria_Interna_RUEDAS.xlsx,xlsx,FG-09,,Vigente/por validar,29251,2025-08-05T15:57:02,520c2fcbce5f6dcd7d741be427ac786512698c1478bb412ccca866fa9da31093
Ruedas/En vigor/Auditorias/CBA/PRUE-05.1_Auditoria_Escalonada_B.xls,Ruedas,PRUE-05.1_Auditoria_Escalonada_B.xls,xls,PRUE-05.1,B,Vigente/por validar,89600,2025-08-05T15:56:01,e4931d3303d3929cbec3b6cb80d23313a5f3857d5c71e59ebe75c375a91ba3d5
Ruedas/En vigor/Auditorias/CBA/PRUE-05.2_Grafico_de_resultados_A.xlsx,Ruedas,PRUE-05.2_Grafico_de_resultados_A.xlsx,xlsx,PRUE-05.2,A,Vigente/por validar,23976,2025-08-05T15:56:12,182734c6d620e68ce455fa6e64a9619545a66be73dfed7516aea7b75ce7b0b6e
Ruedas/En vigor/Auditorias/CBA/PRUE-05.3_Programa_de_Auditorias_escalonadas_A.docx,Ruedas,PRUE-05.3_Programa_de_Auditorias_escalonadas_A.docx,docx,PRUE-05.3,A,Vigente/por validar,103011,2025-08-05T15:56:24,c62ad4e8d7fdf0a6778421ee2c6fecb778a0195c0897587ffa140a1826728245
Ruedas/En vigor/Auditorias/CBA/PRUE-05_Auditoria_escalonadas_C(1).doc,Ruedas,PRUE-05_Auditoria_escalonadas_C(1).doc,doc,PRUE-05,C,Vigente/por validar,61952,2025-08-05T15:56:01,ea7085710564554b4c0f766afa00769cfd8a06008817846e80b7ab59fc1ede26
Ruedas/En vigor/Auditorias/CBA/PRUE-10_Auditoria_de_producto_terminado_B.doc,Ruedas,PRUE-10_Auditoria_de_producto_terminado_B.doc,doc,PRUE-10,B,Vigente/por validar,64512,2025-08-05T15:55:52,2b4c41308f08d4a978333e042fcde45a52a70d4ee2d8d365c1708a2480e92d14
Ruedas/En vigor/Auditorias/CBA/PRUE-11_Auditoria_de_proceso_C(1).doc,Ruedas,PRUE-11_Auditoria_de_proceso_C(1).doc,doc,PRUE-11,C,Vigente/por validar,69632,2025-08-05T15:55:56,5547be86ede5477da01af839de5c34a45a9115d4731962018d777e91531e828e
Ruedas/En vigor/FG-18.G_Maestro_de_Documentos_1).xlsx,Ruedas,FG-18.G_Maestro_de_Documentos_1).xlsx,xlsx,FG-18,,Vigente/por validar,172713,2025-11-17T08:15:26,f373e644f2f1ca8987124b3d986535b0d1e3cca5524d30c3423bb76bfebce9cd
Ruedas/En vigor/Formularios/FG-01_C_Analisis-Foda_plan_de_accion_RUEDAS_2025.xls,Ruedas,FG-01_C_Analisis-Foda_plan_de_accion_RUEDAS_2025.xls,xls,FG-01,C,Vigente/por validar,121856,2025-11-14T11:24:22,110656363f9d178c2849636d1f78f07d7baf21d8fd0da57305ae110d14a63aee
Ruedas/En vigor/Formularios/FG-03_Plan_de_acciones_DADA_(4).xls,Ruedas,FG-03_Plan_de_acciones_DADA_(4).xls,xls,FG-03,,Vigente/por validar,87040,2025-08-05T15:47:49,926d1e0eeda73458e8185169b158b956c268503b829c4f0c30db388661a2d750
Ruedas/En vigor/Formularios/FG-06 C. Matriz_de_objetivos_ruedasa.xlsx,Ruedas,FG-06 C. Matriz_de_objetivos_ruedasa.xlsx,xlsx,FG-06,C,Vigente/por validar,2021238,2025-11-17T08:23:58,47623e9265608fe6f3117a409e7e361d91b581471fd815e0e3456afcbbc85884
Ruedas/En vigor/Formularios/FG-07 C Contexto_y_partes_interesadas_con_organismos.xlsx,Ruedas,FG-07 C Contexto_y_partes_interesadas_con_organismos.xlsx,xlsx,FG-07,C,Vigente/por validar,45165,2025-11-13T16:13:09,075bf596a911b9a2716751dfe958193faa10181dc4a58b2cadd9cbc4d5789042
Ruedas/En vigor/Formularios/FG-10_A._Calificacion_de_auditores.xlsx,Ruedas,FG-10_A._Calificacion_de_auditores.xlsx,xlsx,FG-10,A,Vigente/por validar,30087,2025-08-05T15:47:49,722e90b1e7659cd938e503ed2136063d07d80fce45fbee5c433057751375b373
Ruedas/En vigor/Formularios/FG-33 B Mantenimiento Linea.xlsm,Ruedas,FG-33 B Mantenimiento Linea.xlsm,xlsm,FG-33,B,Vigente/por validar,862135,2025-11-17T08:05:06,b6347bac4ae798d60f6e15deb129c9cecfb1a68f499b41d724c78a4e55247b3b
Ruedas/En vigor/Formularios/HP_-_Control_final.xlsx,Ruedas,HP_-_Control_final.xlsx,xlsx,HP,,Vigente/por validar,2139256,2025-08-05T15:56:10,16321b5d5724cfbc8aabd945a9bf6616e70887f8e252107c759a6b52e304c6a2
Ruedas/En vigor/Formularios/HP_-_Inflado.xlsx,Ruedas,HP_-_Inflado.xlsx,xlsx,HP,,Vigente/por validar,8024609,2025-08-05T15:57:02,482ad6737d20d829522ba17ce4f6b0fb08214cda180633d639df1516744b2d65
Ruedas/En vigor/Formularios/HP_-_Trazabilidad.xlsx,Ruedas,HP_-_Trazabilidad.xlsx,xlsx,HP,,Vigente/por validar,3661943,2025-08-05T15:56:22,1eb9d9ccf7814ac386cbd82b3cafd9be4dd79281f2e4b307266154e7145edae4
Ruedas/En vigor/Formularios/HP_CONJUNTO_CHAPA.xlsx,Ruedas,HP_CONJUNTO_CHAPA.xlsx,xlsx,HP,,Vigente/por validar,7975717,2025-08-05T15:56:34,d78aaed5ba3b44b878523cc28e47503955410540a78607b32642b59c3b7364d6
Ruedas/En vigor/Formularios/HP_Calibracion.xlsx,Ruedas,HP_Calibracion.xlsx,xlsx,HP,,Vigente/por validar,3740647,2025-08-05T15:56:09,e3fd56a62eb82e608e25b1a91b7283a11f6c61243c5d559e1f7aa9affb6b3d38
Ruedas/En vigor/Formularios/ICA-006.1_AMFE_-_Conjunto_de_Rueda_K.xlsx,Ruedas,ICA-006.1_AMFE_-_Conjunto_de_Rueda_K.xlsx,xlsx,ICA-006.1,K,Vigente/por validar,97338,2025-08-05T15:56:38,4fd16d5a165219fef7683265b0011c87a630ac2f77620a778862cd3f84808b94
Ruedas/En vigor/Formularios/IMT-001.5_Repuestos_criticos_A(2).xlsx,Ruedas,IMT-001.5_Repuestos_criticos_A(2).xlsx,xlsx,IMT-001.5,A,Vigente/por validar,17734,2025-08-05T15:56:35,c57f3f64239354392354a3c9180bea2cba0aa6814c54d912a93d167b9333b3a2
Ruedas/En vigor/Formularios/IMT-001_cronograma_de_mantenimiento_2017.xlsx,Ruedas,IMT-001_cronograma_de_mantenimiento_2017.xlsx,xlsx,IMT-001,,Vigente/por validar,90678,2025-08-05T15:56:42,fbb59a86d39490b5c60c6225afd73e3acee2b280c4fc2d1a66aa822a1ac0f8a8
Ruedas/En vigor/Formularios/IMT-01.3_Ficha_de_Vida_de_Equipos.xls,Ruedas,IMT-01.3_Ficha_de_Vida_de_Equipos.xls,xls,IMT-01.3,,Vigente/por validar,117760,2025-08-05T15:56:40,0811bf50e829bffceb4a0e8e8a21de32e8c7b2dcd8fc847c2aa93e133f8c4a99
Ruedas/En vigor/Formularios/MP-RUE-01_B_Mapa_de_procesos.xlsx,Ruedas,MP-RUE-01_B_Mapa_de_procesos.xlsx,xlsx,MP-RUE-01,B,Vigente/por validar,52197,2025-10-17T11:13:17,5fe5c614b343123f3ddd2500df2c829b34e5c9c62e780a0ce988fb680e964a04
Ruedas/En vigor/Formularios/P-SG-03_1_Análisis_de_Factibilidad_y_riesgo_de_proyectos_D_X6S.xlsx,Ruedas,P-SG-03_1_Análisis_de_Factibilidad_y_riesgo_de_proyectos_D_X6S.xlsx,xlsx,P-SG-03,P,Vigente/por validar,32900,2025-08-05T15:55:35,4fe7f49bf4fed90122f5003eb21ddf1ff91e8168a18d6698df0fdea1266fba94
Ruedas/En vigor/Formularios/PRUE-02.1_Declaracion_de_ingreso_a_no_conforme_A.xls,Ruedas,PRUE-02.1_Declaracion_de_ingreso_a_no_conforme_A.xls,xls,PRUE-02.1,A,Vigente/por validar,60416,2025-08-05T15:56:25,1e05564ec9fb3610e71cd91d27ef2d0941289c9e7986248552a29c30b9f0b82f
Ruedas/En vigor/Formularios/PRUE-02.2_Planilla_de_rechazos_de_linea_A.xls,Ruedas,PRUE-02.2_Planilla_de_rechazos_de_linea_A.xls,xls,PRUE-02.2,A,Vigente/por validar,58368,2025-08-05T15:56:27,326f1e4a30879217681987300d78f2c9cf51e4a6aa54db3170601a1660d6a534
Ruedas/En vigor/Formularios/PRUE-02.3_Registro_de_contencion_A.xls,Ruedas,PRUE-02.3_Registro_de_contencion_A.xls,xls,PRUE-02.3,A,Vigente/por validar,110592,2025-08-05T15:56:26,179329678d66e7cd1064c32ca6e3ad2dfb72ccf0bfb274962a812c35406bc545
Ruedas/En vigor/Formularios/PRUE-06.1_Listado_Maestro_de_Dispositivos_Poka_Yoke_A.xlsx,Ruedas,PRUE-06.1_Listado_Maestro_de_Dispositivos_Poka_Yoke_A.xlsx,xlsx,PRUE-06.1,A,Vigente/por validar,17216,2025-08-05T15:56:00,9e7d5fb4aa7fcf1a5b76bc0de932a930da319029146ef938033c445f49fa6eb5
Ruedas/En vigor/Formularios/PRUE-06.2_Check_List_inicio_de_turno_-_C.xlsx,Ruedas,PRUE-06.2_Check_List_inicio_de_turno_-_C.xlsx,xlsx,PRUE-06.2,C,Vigente/por validar,24666,2025-08-05T15:56:02,e2fa50d2b71d5b7c29454de1d07a7554974673a9fbe3e0a7f031bb27abe29587
Ruedas/En vigor/Formularios/PRUE-06.3_Resultados_en_verificación_de_Poka_Yoke_A(1).xlsx,Ruedas,PRUE-06.3_Resultados_en_verificación_de_Poka_Yoke_A(1).xlsx,xlsx,PRUE-06.3,A,Vigente/por validar,49793,2025-08-05T15:56:02,c1c3244c452b57a2de972283c18f0ec39e831b80776ef8e7ca469929aeed00cb
Ruedas/En vigor/Formularios/PRUE-18.1_Cronograma_de_calibración_y_comprobación_de_instrumentos_A.xls,Ruedas,PRUE-18.1_Cronograma_de_calibración_y_comprobación_de_instrumentos_A.xls,xls,PRUE-18.1,Y,Vigente/por validar,95232,2025-08-05T15:55:42,2efc3a69320dcf8e46bd1714faaec9bcd1b43dc189e701daeb340156799c9f86
Ruedas/En vigor/Formularios/PRUE-18.2_Etiqueta_Estado_de_calibracion_A.xlsx,Ruedas,PRUE-18.2_Etiqueta_Estado_de_calibracion_A.xlsx,xlsx,PRUE-18.2,A,Vigente/por validar,19483,2025-08-05T15:55:39,e096dae0935fb20cf3e54a90c85e53f5712357d45305c49d33b69c570b8d8eaa
Ruedas/En vigor/Formularios/PRUE-18.3_Planilla_de_Instrumentos_A.xlsx,Ruedas,PRUE-18.3_Planilla_de_Instrumentos_A.xlsx,xlsx,PRUE-18.3,A,Vigente/por validar,19192,2025-08-05T15:55:39,d0b8e292556f75dc25b68c5d092c30416825bbc2810e628f616e410fa9443d9a
Ruedas/En vigor/Formularios/PRUE-20.2_Tabla_de_Muestreo_de_recepcion.xlsx,Ruedas,PRUE-20.2_Tabla_de_Muestreo_de_recepcion.xlsx,xlsx,PRUE-20.2,,Vigente/por validar,49643,2025-08-05T15:55:42,ee53d73b1498b36e81208ee9b3752605909af493401f74150a99061d914aae91
Ruedas/En vigor/Formularios/PRUE-20.3_Planilla_de_control_de_recepcion_Valvulas_y_Contrapesos_A.xls,Ruedas,PRUE-20.3_Planilla_de_control_de_recepcion_Valvulas_y_Contrapesos_A.xls,xls,PRUE-20.3,Y,Vigente/por validar,95232,2025-08-05T15:55:27,6428d09340e186d4814b89fa5f6a888ec95733f3fa4c313abef912fcebcb176c
Ruedas/En vigor/Formularios/PRUE-20.4_Plano_de_Pruebas_A.xls,Ruedas,PRUE-20.4_Plano_de_Pruebas_A.xls,xls,PRUE-20.4,A,Vigente/por validar,48640,2025-08-05T15:55:34,c06a8c411402ab5e684c4570c0886ccdaa50e1f1a0b08b98985169738e5374f8
Ruedas/En vigor/Formularios/PRUE-20.5_Control_Final_de_Linea_A.xlsx,Ruedas,PRUE-20.5_Control_Final_de_Linea_A.xlsx,xlsx,PRUE-20.5,A,Vigente/por validar,47928,2025-08-05T15:55:55,62199403a9c6715b2df29ae72f38fcf1c67b610762d9e159aded41439b28e3c6
Ruedas/En vigor/Formularios/PRUE-20.6_Control_de_Recepcion_de_Llantas_y_Neumaticos.xlsx,Ruedas,PRUE-20.6_Control_de_Recepcion_de_Llantas_y_Neumaticos.xlsx,xlsx,PRUE-20.6,Y,Vigente/por validar,800653,2025-08-05T15:56:01,bc4bc96d7e505235a9adbddcf729cf98a70a063d010d21146b8528429fc6654a
Ruedas/En vigor/Formularios/Plan_de_Anual_Capacitación_2019_RUEDAS(2).xls,Ruedas,Plan_de_Anual_Capacitación_2019_RUEDAS(2).xls,xls,PLAN,,Vigente/por validar,139264,2025-08-05T15:56:42,4362148ad3c927dfac1428275c92d539589f2e238271455b6e7c2646aa4a1c1f
Ruedas/En vigor/Formularios/Plan_de_Control_-_Conjunto_de_Rueda_I.xlsx,Ruedas,Plan_de_Control_-_Conjunto_de_Rueda_I.xlsx,xlsx,PLAN,I,Vigente/por validar,206053,2025-08-05T15:56:38,85199ff2c83cc2afb9aeca235e1f5ece9b34505804bbd58f1545868928bfc813
Ruedas/En vigor/Formularios/RD-001_C__Revision_por_la_Direccion_RUEDAS_2025.docx,Ruedas,RD-001_C__Revision_por_la_Direccion_RUEDAS_2025.docx,docx,RD-001,C,Vigente/por validar,363190,2025-10-17T18:53:20,1ee0a218efc468e0bf902b105eed23b0d5d23612d4944fea1e1dba33cc00c053
Ruedas/En vigor/Instructivo/ICA-006.1_AMFE_-_Conjunto_de_Rueda_K.xlsx,Ruedas,ICA-006.1_AMFE_-_Conjunto_de_Rueda_K.xlsx,xlsx,ICA-006.1,K,Vigente/por validar,97338,2025-08-05T15:56:38,4fd16d5a165219fef7683265b0011c87a630ac2f77620a778862cd3f84808b94
Ruedas/En vigor/Instructivo/ICA-010_D_Proceso_de_Sel.doc,Ruedas,ICA-010_D_Proceso_de_Sel.doc,doc,ICA-010,D,Vigente/por validar,148480,2025-11-15T09:04:28,c6d18825f869b12e4de585d563b3e0fdfaebe751397506d175dd0d866818b96c
Ruedas/En vigor/Instructivo/ING-001_Solicitud_de_desviacion_de_ingenieria_D.doc,Ruedas,ING-001_Solicitud_de_desviacion_de_ingenieria_D.doc,doc,ING-001,D,Vigente/por validar,216064,2025-11-16T08:55:35,9d84d6dd00fdf3a3bb8d93fcf683ceeaf74d39cb7472ad17781873affe5fba35
Ruedas/En vigor/Instructivo/ING-002_Registro_de_planos_y_especificaciones_C.doc,Ruedas,ING-002_Registro_de_planos_y_especificaciones_C.doc,doc,ING-002,Y,Vigente/por validar,210944,2025-11-16T08:53:26,803c2ec3f3a9e87b23b3da53c3cbd01eb5c9aaf8496054de45d92aa9a259d49d
Ruedas/En vigor/Instructivo/ING-003_Elaboracion_de_la_documentacion_de_ingenieria_C.doc,Ruedas,ING-003_Elaboracion_de_la_documentacion_de_ingenieria_C.doc,doc,ING-003,C,Vigente/por validar,211456,2025-11-16T08:44:19,664e77d51a462790c0b86d3262913ce6d3416adb6942d58c03831758f9610841
Ruedas/En vigor/Instructivo/ING-004_Modificacion_de_un_producto_C.doc,Ruedas,ING-004_Modificacion_de_un_producto_C.doc,doc,ING-004,C,Vigente/por validar,222208,2025-11-16T08:42:27,84317182cbe03f0d8cce5fa750ed9eaac2ab62afea1d9ab96b79c9ba2ff90907
Ruedas/En vigor/Instructivo/PRUE-03_Identificacion_C(1).doc,Ruedas,PRUE-03_Identificacion_C(1).doc,doc,PRUE-03,C,Vigente/por validar,566272,2025-11-16T08:40:52,5ca4147b7df4e46983567035a8878d2b781705fa74f2b49eef4eca0fe710ef46
Ruedas/En vigor/Instructivo/PRUE-04_Retrabajo_de_Subconjuntos_Observados_en_proceso_C(2).doc,Ruedas,PRUE-04_Retrabajo_de_Subconjuntos_Observados_en_proceso_C(2).doc,doc,PRUE-04,C,Vigente/por validar,3992576,2025-11-16T08:39:35,325ac7cbfd9a2a4f3363093527ca6f17ce31d35a908aa8dacfe68520dcaaea57
Ruedas/En vigor/Instructivo/PRUE-07_CARE_C.doc,Ruedas,PRUE-07_CARE_C.doc,doc,PRUE-07,C,Vigente/por validar,79872,2025-11-16T08:37:48,d987f40e78db218a39e645cce9cbd3f020b684d05502c16db523f30fc07106f3
Ruedas/En vigor/Instructivo/PRUE-08_Lecciones_aprendidas_C.doc,Ruedas,PRUE-08_Lecciones_aprendidas_C.doc,doc,PRUE-08,C,Vigente/por validar,68096,2025-11-16T08:36:18,524180a21b07c632470e56aa1a12f9b0f0b02b2ea3c4030a514c7e4017f193bc
Ruedas/En vigor/Instructivo/PRUE-14_Orden_y_limpieza_B.doc,Ruedas,PRUE-14_Orden_y_limpieza_B.doc,doc,PRUE-14,Y,Vigente/por validar,67584,2025-11-16T08:34:56,87ce5fe7430bb70e4463fbf7f553a5182d37bce41224f4841f0eb2178e42355b
Ruedas/En vigor/Instructivo/PRUE-15_Plan_de_contingencias_D.docx,Ruedas,PRUE-15_Plan_de_contingencias_D.docx,docx,PRUE-15,D,Vigente/por validar,38462,2025-11-14T11:40:37,d92fe75322b71810fe5bd8c76c97c414227c3805aebc14e524bc4629a59f51b5
Ruedas/En vigor/Instructivo/PRUE-16_Secuenciado_C.docx,Ruedas,PRUE-16_Secuenciado_C.docx,docx,PRUE-16,C,Vigente/por validar,1095716,2025-11-16T08:33:08,96f5fff0ecab49fd6fec0ea78230e9112135725f7df175d1e5c664016ffbf5b0
Ruedas/En vigor/Instructivo/PRUE-17_Trazabilidad_C.docx,Ruedas,PRUE-17_Trazabilidad_C.docx,docx,PRUE-17,C,Vigente/por validar,1425265,2025-11-16T08:31:30,2b513394f5571abe7eba756093b1ccc362297ac4dcd9906a79c0348d402449e4
Ruedas/En vigor/Instructivo/PRUE-19_B_Gestion_de_la_seguridad_del_producto.docx,Ruedas,PRUE-19_B_Gestion_de_la_seguridad_del_producto.docx,docx,PRUE-19,B,Vigente/por validar,190797,2025-11-16T08:29:58,9aed5f34c65f5d942f3ec4cc3900f500e3701924f2446c27fc9e2899a7fd5079
Ruedas/En vigor/Instructivo/PRUE-20.1_Gamas_de_Control_de_Recepcion_A.xlsx,Ruedas,PRUE-20.1_Gamas_de_Control_de_Recepcion_A.xlsx,xlsx,PRUE-20.1,A,Vigente/por validar,1185660,2025-08-05T15:55:52,88faa6154464891db80b90d0b842a4c5e82c90ff6da69a0189ef2e12c94287bb
Ruedas/En vigor/Instructivo/PRUE-20_Inspeccion_y_ensayo_D.doc,Ruedas,PRUE-20_Inspeccion_y_ensayo_D.doc,doc,PRUE-20,Y,Vigente/por validar,67584,2025-11-16T08:27:21,93baf265e673e70082ae5c76ce9922584d3674f5d6be14bff4897658f241d586
Ruedas/En vigor/Instructivo/PRUE-21_Recepcion_de_materias_Primas_E.doc,Ruedas,PRUE-21_Recepcion_de_materias_Primas_E.doc,doc,PRUE-21,E,Vigente/por validar,228352,2025-11-16T08:23:59,90f90aa011efa35ca8ec8250fab9588088432d9ec2a9a96691038c61f4b3c9d9
Ruedas/En vigor/Instructivo/PRUE-22_Inventarios_ciclicos_D.doc,Ruedas,PRUE-22_Inventarios_ciclicos_D.doc,doc,PRUE-22,D,Vigente/por validar,208896,2025-11-16T08:22:00,9d247dbe2a6ebaa70ce0c21a4f49aa41064793e9ad401582e5284a46dab9a478
Ruedas/En vigor/Manuales/MC-01_E_Manual_de_Calidad_DADA_RUEDAS.DOCX,Ruedas,MC-01_E_Manual_de_Calidad_DADA_RUEDAS.DOCX,docx,MC-01,E,Vigente/por validar,76808,2025-08-05T15:56:30,bb52d894530cf45c1aac64655e183de7968e66862da94272fef714f75fcdca30
Ruedas/En vigor/Politica/Politica.Calidad (4).pdf,Ruedas,Politica.Calidad (4).pdf,pdf,POLITICA,,Vigente/por validar,92930,2022-11-10T14:20:06,04fd5c40294b46220e771f4b7733e5a73d6acdb0a328afba451bbea368243293
Ruedas/En vigor/Procedimientos/PG-01_B_-_Procedimiento_Reclamos_de_cliente.docx,Ruedas,PG-01_B_-_Procedimiento_Reclamos_de_cliente.docx,docx,PG-01,B,Vigente/por validar,113507,2025-11-14T13:59:05,17b5717c87fa3365beb1063d3147b1cbccbfcc8daf1f79aa48a8b860650fbef9
Ruedas/En vigor/Procedimientos/PG-02_B_-_Procedimiento_general_para_abordar_riesgos.docx,Ruedas,PG-02_B_-_Procedimiento_general_para_abordar_riesgos.docx,docx,PG-02,B,Vigente/por validar,241934,2025-11-15T08:19:08,98dfaf82ff824acf33758600b19fa3e750861804b49f92149495857060a98105
Ruedas/En vigor/Procedimientos/PG-03_Tratamiento_del_producto_no_conforme_G.doc,Ruedas,PG-03_Tratamiento_del_producto_no_conforme_G.doc,doc,PG-03,G,Vigente/por validar,148992,2025-11-15T08:17:19,7fe1a989ee4fcfc122cb3c5e1f0232cbbee725ab28e1abe03dff2b2b9742aa6d
Ruedas/En vigor/Procedimientos/PG-05_Control_de_los_documentos_H_2_.doc,Ruedas,PG-05_Control_de_los_documentos_H_2_.doc,doc,PG-05,H,Vigente/por validar,259072,2025-11-06T10:33:39,d9c088e595c6a2515f1bba8fb2a07d79422fca679727613eba315ff01439ee13
Ruedas/En vigor/Procedimientos/PG-07_C_Procedimineto_uditorias_internas_1_.DOCX,Ruedas,PG-07_C_Procedimineto_uditorias_internas_1_.DOCX,docx,PG-07,C,Vigente/por validar,37918,2025-08-05T15:47:35,bb9a06990eed62fb4310fa63ae20b92483ae1761901ef5a7ca51bd98f01b3fc5
Ruedas/En vigor/Procedimientos/PG-10_H_Acciones_correctivas_y_preventivas_)_1_.doc,Ruedas,PG-10_H_Acciones_correctivas_y_preventivas_)_1_.doc,doc,PG-10,H,Vigente/por validar,159232,2025-08-05T15:47:32,6857d8ebb9d5d737a502dea5dec7d2663c7f8b8df3959bfa2b6fc3a6aff5b22b
Ruedas/En vigor/Procedimientos/PG-11_B_Identificacion_y_trazabilidad.doc,Ruedas,PG-11_B_Identificacion_y_trazabilidad.doc,doc,PG-11,B,Vigente/por validar,66048,2025-11-15T08:10:17,0d4416eb43a89fb7504ee8428218240300429d8bd0b4557b8a6baa104dee32f5
Ruedas/En vigor/Procedimientos/PG-14_B_Procedimiento_de_revisión_por_la_alta_dirección.doc,Ruedas,PG-14_B_Procedimiento_de_revisión_por_la_alta_dirección.doc,doc,PG-14,B,Vigente/por validar,80384,2025-11-15T08:07:46,ecc7946341801bf1df588187b7ca4c18e791f609d205d554fa2e4734bdf064ba
Ruedas/En vigor/Procedimientos/PG-15_A_actividades_de_calidad.xlsx,Ruedas,PG-15_A_actividades_de_calidad.xlsx,xlsx,PG-15,A,Vigente/por validar,32502,2025-08-05T15:47:26,3a584c65ee2395d631a07595bcb0fb78137221d7e6ef09c60f62a55e8b093cdc
Ruedas/En vigor/Procedimientos/PRUE-01_Deteccion_y_resolucion_de_problemas_A(1).docx,Ruedas,PRUE-01_Deteccion_y_resolucion_de_problemas_A(1).docx,docx,PRUE-01,Y,Vigente/por validar,116729,2025-11-15T07:54:05,3b0ed4bd0617c13955eeffacf19f0304e88d62ed02bb012d62b759fcdaecf584
Ruedas/En vigor/Procedimientos/PRUE-06_Verificacion_de_inicio_de_turno_y_poka_yokes_D.doc,Ruedas,PRUE-06_Verificacion_de_inicio_de_turno_y_poka_yokes_D.doc,doc,PRUE-06,Y,Vigente/por validar,72192,2025-11-16T09:00:44,bee25f3e7e87fb2dc498a6749f53e18cd912d63492cd7f3bd7274fffd64dcdbd
Ruedas/En vigor/Procedimientos/PSG-19_Formacion_E(1).doc,Ruedas,PSG-19_Formacion_E(1).doc,doc,PSG-19,E,Vigente/por validar,87552,2025-11-15T07:49:21,aaad783090c89d0d2772c6e861a379da0d0a89911f8ddd171cad4c60f99c9983
Ruedas/Obsoletos/Anexo_RD-001_A_Minuta_de_reunion_RUEDAS.xlsx,Ruedas,Anexo_RD-001_A_Minuta_de_reunion_RUEDAS.xlsx,xlsx,ANEXO,A,Obsoleto,17206,2025-08-05T15:55:25,d2fd0cf1f9abd9622a2771354f139b699b66cd822c2ae085978afdbee3c5e8d0
Ruedas/Obsoletos/Digitalización_2017_03_24_03_48_54_236.pdf,Ruedas,Digitalización_2017_03_24_03_48_54_236.pdf,pdf,DIGITALI,,Obsoleto,8476231,2025-08-05T15:57:07,999a33f42c9449e8fa308abbe0f2eb718d75223c007f1bc1b71e87338999f4d6
Ruedas/Obsoletos/FG-01_Analisis-Foda_plan_de_accion_RUEDAS(1)_(2).xls,Ruedas,FG-01_Analisis-Foda_plan_de_accion_RUEDAS(1)_(2).xls,xls,FG-01,,Obsoleto,109056,2025-08-05T15:57:03,3d2f324d3924d670570d70acbd25e29cf19f61fc4adba6c7036caf9a5f23986b
Ruedas/Obsoletos/FG-01_Analisis-Foda_plan_de_accion_RUEDAS_2020.xls,Ruedas,FG-01_Analisis-Foda_plan_de_accion_RUEDAS_2020.xls,xls,FG-01,,Obsoleto,109568,2025-08-05T15:56:38,31a502b3d77bd143be2706c7e3a81cf173ec1e52c3e03c404a45e044b8ea44e3
Ruedas/Obsoletos/FG-01_C_Analisis-Foda_plan_de_accion_RUEDAS_2020.xls,Ruedas,FG-01_C_Analisis-Foda_plan_de_accion_RUEDAS_2020.xls,xls,FG-01,C,Obsoleto,109568,2025-08-05T15:56:39,31a502b3d77bd143be2706c7e3a81cf173ec1e52c3e03c404a45e044b8ea44e3
Ruedas/Obsoletos/FG-01_C_Analisis-Foda_plan_de_accion_RUEDAS_2021.xls,Ruedas,FG-01_C_Analisis-Foda_plan_de_accion_RUEDAS_2021.xls,xls,FG-01,C,Obsoleto,109568,2025-08-05T15:57:02,0afb23e751356be5c8d61d471b3c8362ae469bde82e469aa8e2085a6353a486d
Ruedas/Obsoletos/FG-05_Plan_anual_de_Auditoria_2019_Ruedas.xlsx,Ruedas,FG-05_Plan_anual_de_Auditoria_2019_Ruedas.xlsx,xlsx,FG-05,,Obsoleto,154403,2025-08-05T15:56:45,e6b5b3e1f377638e44fcc910d5f10ac9a1e2bcb55d7ab7339ce357278cb2c873
Ruedas/Obsoletos/FG-05_Plan_anual_de_Auditoria_2020_Ruedas.xlsx,Ruedas,FG-05_Plan_anual_de_Auditoria_2020_Ruedas.xlsx,xlsx,FG-05,,Obsoleto,154476,2025-08-05T15:57:08,6011fb9b7368c72e533ec2ee169ae4486754eb758edcc3c613e69e93182b3b75
Ruedas/Obsoletos/FG-07_A_Matriz_Partes_Interesadas_RUEDAS.xls,Ruedas,FG-07_A_Matriz_Partes_Interesadas_RUEDAS.xls,xls,FG-07,A,Obsoleto,36864,2025-08-05T15:56:36,41ea550dd46f8672ed22654b03595b421a5553042b39b25719b7bd94136815ec
Ruedas/Obsoletos/FG-07_A_Matriz_Partes_Interesadas_RUEDAS_(2).xls,Ruedas,FG-07_A_Matriz_Partes_Interesadas_RUEDAS_(2).xls,xls,FG-07,A,Obsoleto,36352,2025-08-05T15:56:44,d638306b1101b5ab670313278874ca2597deeea8fa59d362f43922b5022eaa56
Ruedas/Obsoletos/FG-07_A_Matriz_Partes_Interesadas_RUEDAS_2020.xls,Ruedas,FG-07_A_Matriz_Partes_Interesadas_RUEDAS_2020.xls,xls,FG-07,A,Obsoleto,36864,2025-08-05T15:56:43,93607f2c3631d85a2632b7e29173130bf6b7b790cc623f88fab6367fe471911c
Ruedas/Obsoletos/FG-07_B_Matriz_Partes_Interesadas_RUEDAS_2020.xls,Ruedas,FG-07_B_Matriz_Partes_Interesadas_RUEDAS_2020.xls,xls,FG-07,B,Obsoleto,36864,2025-08-05T15:56:40,eb581a7396fec330bfba9b940d26d57200eca9e704d61bb147d653bc9b885ea5
Ruedas/Obsoletos/IMT-001.4_Lista_de_maquinas_y_equipos_y_ubicacion_A.xlsx,Ruedas,IMT-001.4_Lista_de_maquinas_y_equipos_y_ubicacion_A.xlsx,xlsx,IMT-001.4,Y,Obsoleto,313075,2025-08-05T15:56:44,96b63ff011b6133a31f71e11ba6f5b4fa2c4705fbe3bf6e81f489c9b42184077
Ruedas/Obsoletos/IMT-001_cronograma_de_mantenimiento_2017.xlsx,Ruedas,IMT-001_cronograma_de_mantenimiento_2017.xlsx,xlsx,IMT-001,,Obsoleto,90678,2025-08-05T15:56:42,fbb59a86d39490b5c60c6225afd73e3acee2b280c4fc2d1a66aa822a1ac0f8a8
Ruedas/Obsoletos/MC-01_B_Manual_de_Calidad_DADA_RUEDAS.DOCX,Ruedas,MC-01_B_Manual_de_Calidad_DADA_RUEDAS.DOCX,docx,MC-01,B,Obsoleto,70246,2025-08-05T15:56:35,b0068d8eb073ad786074b51e905195fb69a45f376240161641955b9ad12ca405
Ruedas/Obsoletos/MC-01_C_Manual_de_Calidad_DADA_RUEDAS.DOCX,Ruedas,MC-01_C_Manual_de_Calidad_DADA_RUEDAS.DOCX,docx,MC-01,C,Obsoleto,70269,2025-08-05T15:56:29,e45a6baa67597c6b9ef131c2c4a0d25ca5f36a79bbfb5f87d0ae23a17f17cdb6
Ruedas/Obsoletos/MC-01_D_Manual_de_Calidad_DADA_RUEDAS_1_.DOCX,Ruedas,MC-01_D_Manual_de_Calidad_DADA_RUEDAS_1_.DOCX,docx,MC-01,D,Obsoleto,76648,2025-08-05T15:56:40,7daa38682d3a4df26c8b97a2f00e4989f26bc5a58c9fdd5463af6a3b3666a3d1
Ruedas/Obsoletos/MP-RUE-01_Mapa_de_procesos.xlsx,Ruedas,MP-RUE-01_Mapa_de_procesos.xlsx,xlsx,MP-RUE-01,,Obsoleto,49761,2025-08-05T15:56:28,03ca7e408189bdd5c264a7d4c8acafbaaf7448753b07b91d432bad333cccfd58
Ruedas/Obsoletos/PRUE-02_Tratamiento_general_de_NO_conformes_C(2).doc,Ruedas,PRUE-02_Tratamiento_general_de_NO_conformes_C(2).doc,doc,PRUE-02,C,Obsoleto,225280,2025-08-05T15:56:23,c1d03fb6ffbbeb75c330242a3df68faa05c86a72f47eeef9fc771285164ed93b
Ruedas/Obsoletos/PRUE-15_Plan_de_contingencias_C.docx,Ruedas,PRUE-15_Plan_de_contingencias_C.docx,docx,PRUE-15,C,Obsoleto,58967,2025-08-05T15:55:52,5c4bcf78b0cb880d9275eec54a08d2839cc58c1fb0635f885062bf908cd8a768
Ruedas/Obsoletos/RD-001_A_Revision_por_la_Dirección_RUEDAS.docx,Ruedas,RD-001_A_Revision_por_la_Dirección_RUEDAS.docx,docx,RD-001,A,Obsoleto,140456,2025-08-05T15:55:32,fab9852419002f43ed77d288f14445e772e8dca9c94e52268ae2faf2e7fd8693
Ruedas/Obsoletos/RD-001_B_Revision_por_la_Dirección_RUEDAS.docx,Ruedas,RD-001_B_Revision_por_la_Dirección_RUEDAS.docx,docx,RD-001,B,Obsoleto,355360,2025-08-05T15:55:38,6797f978fd8abc73a8b3db0b80e782f4dd0a9bff7636796abb4d0fc07729ba7f
Ruedas/Obsoletos/RD-001_B_Revision_por_la_Dirección_RUEDAS_2020.docx,Ruedas,RD-001_B_Revision_por_la_Dirección_RUEDAS_2020.docx,docx,RD-001,B,Obsoleto,439734,2025-08-05T15:55:54,73002c5559f6cdcfbacb1b71598fc575135a91d60ee4e038c873936e236222db
Ruedas/Obsoletos/RD-001_B_Revision_por_la_Dirección_RUEDAS_2021_(1)(1).docx,Ruedas,RD-001_B_Revision_por_la_Dirección_RUEDAS_2021_(1)(1).docx,docx,RD-001,B,Obsoleto,393262,2025-08-05T15:55:51,b53f243a65559d33417baa99a0f8d2c062703566ecb3b1137071a317087195ae
Ruedas/Obsoletos/RD-001_C__Revision_por_la_Direccion_RUEDAS_2024.docx,Ruedas,RD-001_C__Revision_por_la_Direccion_RUEDAS_2024.docx,docx,RD-001,C,Obsoleto,490719,2025-08-05T15:55:59,6c7cf87e89a92d8c4dadf04739dca7784620eb7f10a27e5adb729d62b3799960
Tráfico/Politica.Calidad (4).pdf,Tráfico,Politica.Calidad (4).pdf,pdf,POLITICA,,Vigente/por validar,92930,2022-11-10T14:20:06,04fd5c40294b46220e771f4b7733e5a73d6acdb0a328afba451bbea368243293
Tráfico/Tráfico Bs As/En vigor/ANEXO POT 03 -2 HOJA DE RUTA (1).xls,Tráfico,ANEXO POT 03 -2 HOJA DE RUTA (1).xls,xls,ANEXO,,Vigente/por validar,37376,2025-08-05T15:57:23,a3188a454c3804d81d7d97200e6adef2aa268ca89a372d6515694564949c8cd5
Tráfico/Tráfico Bs As/En vigor/ANEXO POT 03 -2 HOJA DE RUTA.xls,Tráfico,ANEXO POT 03 -2 HOJA DE RUTA.xls,xls,ANEXO,,Vigente/por validar,37376,2025-08-05T15:57:24,a3188a454c3804d81d7d97200e6adef2aa268ca89a372d6515694564949c8cd5
Tráfico/Tráfico Bs As/En vigor/ANEXO_1-_Plan_de_Mantenimiento_Unidades_DADA.xlsx,Tráfico,ANEXO_1-_Plan_de_Mantenimiento_Unidades_DADA.xlsx,xlsx,ANEXO,,Vigente/por validar,90668,2025-08-05T15:56:37,2896c74138c32e3afc31be0b1a5172519a799270153dd697bdebd6a946a4b40d
Tráfico/Tráfico Bs As/En vigor/ANEXO_2-A.-_Lista_de_chequeo_de_mantenimiento.xlsx,Tráfico,ANEXO_2-A.-_Lista_de_chequeo_de_mantenimiento.xlsx,xlsx,ANEXO,A,Vigente/por validar,22435,2025-08-05T15:56:40,149992b2d1f1b9b130e873c01d2042b59777c7caaf35f49fa91391a1525c2d6f
Tráfico/Tráfico Bs As/En vigor/ANEXO_3_A.-_Plan_de_Mantenimiento_Unidades_DADA.xlsx,Tráfico,ANEXO_3_A.-_Plan_de_Mantenimiento_Unidades_DADA.xlsx,xlsx,ANEXO,A,Vigente/por validar,51508,2025-08-05T15:56:40,d361b67c2e2452c9c1bec6daed73fc04fc18355363626215bf6d0f14ba321e5b
Tráfico/Tráfico Bs As/En vigor/ANEXO_4-A.-_Hoja_de_procesos_-_Proceso_de_Seguimiento_Satelital_de_Unidades_DADA_1_.xlsx,Tráfico,ANEXO_4-A.-_Hoja_de_procesos_-_Proceso_de_Seguimiento_Satelital_de_Unidades_DADA_1_.xlsx,xlsx,ANEXO,A,Vigente/por validar,743970,2025-08-05T15:57:25,3a1ea0de1965ab133045503b05ed8a8a7efe0ce30e1c237a3accda14b95966c1
Tráfico/Tráfico Bs As/En vigor/ANEXO_POT-03-1.-_HOJA_DE_RUTA(1).pdf,Tráfico,ANEXO_POT-03-1.-_HOJA_DE_RUTA(1).pdf,pdf,ANEXO,,Vigente/por validar,12676,2025-08-05T15:56:38,4a1109fd7046252d69332dc4d15d280c2bfef97897eefabffab5d8b45d696a3d
Tráfico/Tráfico Bs As/En vigor/ANEXO_POT-03-1.-_HOJA_DE_RUTA.pdf,Tráfico,ANEXO_POT-03-1.-_HOJA_DE_RUTA.pdf,pdf,ANEXO,,Vigente/por validar,12676,2025-08-05T15:57:33,4a1109fd7046252d69332dc4d15d280c2bfef97897eefabffab5d8b45d696a3d
Tráfico/Tráfico Bs As/En vigor/ANEXO_POT-12-1.-_Hoja_de_procesos_-_Proceso_de_Seguimiento_Satelital_de_Unidades_DADA_(1).xlsx,Tráfico,ANEXO_POT-12-1.-_Hoja_de_procesos_-_Proceso_de_Seguimiento_Satelital_de_Unidades_DADA_(1).xlsx,xlsx,ANEXO,,Vigente/por validar,1486248,2025-08-05T15:57:27,ec4d11cb2124ab87bb7deea367c68695044fc4fee193f2b91ac6f35a5e431c63
Tráfico/Tráfico Bs As/En vigor/ANEXO_POT-18-2-_Programa_de_mantenimiento_de_unidades.xlsx,Tráfico,ANEXO_POT-18-2-_Programa_de_mantenimiento_de_unidades.xlsx,xlsx,ANEXO,,Vigente/por validar,39768,2025-08-05T15:57:18,8bee8c91c1f07a5dba2234006e9c1767cd76c72ff8528255e9e443ae4593766e
Tráfico/Tráfico Bs As/En vigor/ANEXO_POT-18-3-_Hoja_de_Procesos_-_Limpieza_y_desinfección.xls,Tráfico,ANEXO_POT-18-3-_Hoja_de_Procesos_-_Limpieza_y_desinfección.xls,xls,ANEXO,Y,Vigente/por validar,117248,2025-08-05T15:57:20,5781461de176143ed1cf9107778762d2cecc0c4b129f2da4a483f5f7f624b4a0
Tráfico/Tráfico Bs As/En vigor/ANEXO_POT-26-1-_Planilla_de_seguimiento_diario(1)_2_.xlsx,Tráfico,ANEXO_POT-26-1-_Planilla_de_seguimiento_diario(1)_2_.xlsx,xlsx,ANEXO,,Vigente/por validar,285546,2025-08-05T15:57:22,799118ab01f68b889ba2d6a30c564b4ec1e591320873e20e7efd972d76749bf8
Tráfico/Tráfico Bs As/En vigor/ANEXO_POT-29-1.-_Flujograma_ACINDAR.vsd,Tráfico,ANEXO_POT-29-1.-_Flujograma_ACINDAR.vsd,vsd,ANEXO,,Vigente/por validar,233984,2025-08-05T15:56:59,9f7923ed5518e619ee0822e224a55c07097a9fe2749d09e64f9d65364b324aef
Tráfico/Tráfico Bs As/En vigor/ANEXO_POT-29-2.-_Flujograma_Ferrosider.vsd,Tráfico,ANEXO_POT-29-2.-_Flujograma_Ferrosider.vsd,vsd,ANEXO,,Vigente/por validar,232960,2025-08-05T15:57:02,e87bf0aff6c794c441596530be67288604df5161e076ba4ba965d3c0455ad3ba
Tráfico/Tráfico Bs As/En vigor/ANEXO_POT-29-3.-_Flujograma_Loginter_-_FEPA.vsd,Tráfico,ANEXO_POT-29-3.-_Flujograma_Loginter_-_FEPA.vsd,vsd,ANEXO,,Vigente/por validar,232960,2025-08-05T15:56:44,ab152cd7f241a0db64fd4655f9903bdbf37c56016ed6eee66cf708b641cf2c10
Tráfico/Tráfico Bs As/En vigor/Anexo POT 26.2 Planilla de seguimiento diario_6_.xlsx,Tráfico,Anexo POT 26.2 Planilla de seguimiento diario_6_.xlsx,xlsx,ANEXO,,Vigente/por validar,593147,2025-08-05T15:57:35,aa11407401df488544d5b00c0f79c78154224eadfef206c6227a0dde905f1dd0
Tráfico/Tráfico Bs As/En vigor/Anexo_POT_4.1_-_Panilla_de_monitoreo_1_.xlsx,Tráfico,Anexo_POT_4.1_-_Panilla_de_monitoreo_1_.xlsx,xlsx,ANEXO,,Vigente/por validar,45234,2025-08-05T15:57:21,5298ad269336ce05de17c230238df9649bd9eedc68145cf746fd13588a41be58
Tráfico/Tráfico Bs As/En vigor/Auditorias_operaciones_VW_MRKB_REv_KW13.xlsx,Tráfico,Auditorias_operaciones_VW_MRKB_REv_KW13.xlsx,xlsx,AUDITORI,,Vigente/por validar,697940,2025-08-05T15:57:37,43c8d09eaf4c210d0c157e4bcc803fd6ca9d87af7b331629b9661dfd4987b47b
Tráfico/Tráfico Bs As/En vigor/Check_list_pre_uso.pdf,Tráfico,Check_list_pre_uso.pdf,pdf,CHECK,,Vigente/por validar,162939,2025-08-05T15:57:31,623791aeec84b64ee015af64568f64a153ae83372aea9f57676ac8094baea684
Tráfico/Tráfico Bs As/En vigor/Copia_de_Matriz_De_Polivalencia_TR_02.2020.xls,Tráfico,Copia_de_Matriz_De_Polivalencia_TR_02.2020.xls,xls,COPIA,,Vigente/por validar,87552,2025-08-05T15:56:36,68eb19c1957fd213bf02f4dd0fd99c88bcb30ca0c320644a0b6b7dea84c5e3e9
Tráfico/Tráfico Bs As/En vigor/Cronograma_de_unidades.xlsx,Tráfico,Cronograma_de_unidades.xlsx,xlsx,CRONOGRA,,Vigente/por validar,46333,2025-08-05T15:56:42,624da8b2eabcc4dc30b80f519bcde9be998d8dc52eba5b8a8da05902f9b1e289
Tráfico/Tráfico Bs As/En vigor/FO_-_38_A_FORMULARIO_DE_CUMPLIMIENTO.xlsx,Tráfico,FO_-_38_A_FORMULARIO_DE_CUMPLIMIENTO.xlsx,xlsx,FO,A,Vigente/por validar,186041,2025-08-05T15:57:34,3bc73b4fc0c5342d05ee66b9a5e6da919fd9d53d306da858fb22cfad30c885a8
Tráfico/Tráfico Bs As/En vigor/Flujo_de_comunicacion_TRANSPORTE.xlsx,Tráfico,Flujo_de_comunicacion_TRANSPORTE.xlsx,xlsx,FLUJO,,Vigente/por validar,24829,2025-08-05T15:56:35,ff634b32bf384c7ca2a0aae7a05a91fcc33429ba83cc7aad2733261299552246
Tráfico/Tráfico Bs As/En vigor/MP-TR-01_Mapa_de_procesos.xlsx,Tráfico,MP-TR-01_Mapa_de_procesos.xlsx,xlsx,MP-TR-01,,Vigente/por validar,47998,2025-08-05T15:57:31,bdab0e0f285c694f8874b879d7a80b108be986b1d9b504b07d67c0559370d63e
Tráfico/Tráfico Bs As/En vigor/Matriz_De_Polivalencia_TR_03.xls,Tráfico,Matriz_De_Polivalencia_TR_03.xls,xls,MATRIZ,,Vigente/por validar,87552,2025-08-05T15:56:35,b96950e80db9985cb3dce5dc21219bbc4a7cd267905eb79738a5fcb9e122973d
Tráfico/Tráfico Bs As/En vigor/POT-01.-_Procedimiento_de_Nuevos_Negocios. F (1).doc,Tráfico,POT-01.-_Procedimiento_de_Nuevos_Negocios. F (1).doc,doc,POT-01,F,Vigente/por validar,105984,2025-08-05T15:57:33,0ebadf3125f5c0d5d4b40bf2d4ae63b6170cd32ff2e7b11e9a07302739c24c10
Tráfico/Tráfico Bs As/En vigor/POT-01.-_Procedimiento_de_Nuevos_Negocios. F.doc,Tráfico,POT-01.-_Procedimiento_de_Nuevos_Negocios. F.doc,doc,POT-01,F,Vigente/por validar,105984,2025-08-05T15:57:30,0ebadf3125f5c0d5d4b40bf2d4ae63b6170cd32ff2e7b11e9a07302739c24c10
Tráfico/Tráfico Bs As/En vigor/POT-01E.-_Procedimiento_de_Nuevos_Negocios. (1).doc,Tráfico,POT-01E.-_Procedimiento_de_Nuevos_Negocios. (1).doc,doc,POT-01E,,Vigente/por validar,103936,2025-08-05T15:57:33,e24a248192899dc65f09f40811997f507579f554f8a225ffb7b3d71f619ff592
Tráfico/Tráfico Bs As/En vigor/POT-01E.-_Procedimiento_de_Nuevos_Negocios..doc,Tráfico,POT-01E.-_Procedimiento_de_Nuevos_Negocios..doc,doc,POT-01E,,Vigente/por validar,103936,2025-08-05T15:57:32,e24a248192899dc65f09f40811997f507579f554f8a225ffb7b3d71f619ff592
Tráfico/Tráfico Bs As/En vigor/POT-03_Procedimiento_de_carga_y_descarga_F_1_ (1).doc,Tráfico,POT-03_Procedimiento_de_carga_y_descarga_F_1_ (1).doc,doc,POT-03,Y,Vigente/por validar,75776,2025-08-05T15:57:22,4b104207f83c3ca27e0108e42f88951a9dc854d2c583f452b76cb9f268b23484
Tráfico/Tráfico Bs As/En vigor/POT-03_Procedimiento_de_carga_y_descarga_F_1_.doc,Tráfico,POT-03_Procedimiento_de_carga_y_descarga_F_1_.doc,doc,POT-03,Y,Vigente/por validar,75776,2025-08-05T15:57:24,4b104207f83c3ca27e0108e42f88951a9dc854d2c583f452b76cb9f268b23484
Tráfico/Tráfico Bs As/En vigor/POT-04_C__Procedimiento_de_seguimiento_diario_de_unidades_y_registro_de_datos_2_.docx,Tráfico,POT-04_C__Procedimiento_de_seguimiento_diario_de_unidades_y_registro_de_datos_2_.docx,docx,POT-04,C,Vigente/por validar,30238,2025-08-05T15:57:26,d2959867f5260a89dad80ad82c0cf71ed91a01fc17adaa25ad13de568bc6038d
Tráfico/Tráfico Bs As/En vigor/POT-09_Procedimiento_para_Choferes_de_camiones_JIT_E.doc,Tráfico,POT-09_Procedimiento_para_Choferes_de_camiones_JIT_E.doc,doc,POT-09,E,Vigente/por validar,67072,2025-08-05T15:57:21,9b3bb3a570eb041b80b8c6c85b2d1285162df550ab8058381ef711443fa93467
Tráfico/Tráfico Bs As/En vigor/POT-12_F-_Procedimiento_de_Seguimiento_Satelital_de_unidades_de_DADA.doc,Tráfico,POT-12_F-_Procedimiento_de_Seguimiento_Satelital_de_unidades_de_DADA.doc,doc,POT-12,F,Vigente/por validar,83456,2025-08-05T15:57:20,8105d58488247553d53a558c38d1397308aaf9ffa16ad1a81261c7b5a5041c23
Tráfico/Tráfico Bs As/En vigor/POT-13_Contingencia_ante_rotura_de_camiones_o_falta_de_transporte E_1_.doc,Tráfico,POT-13_Contingencia_ante_rotura_de_camiones_o_falta_de_transporte E_1_.doc,doc,POT-13,O,Vigente/por validar,99840,2025-08-05T15:57:23,01b0f8eb5a1ced0eb43eccb3ada49568d4fb69d75cf7ee04b3866e2b074a79d8
Tráfico/Tráfico Bs As/En vigor/POT-18_Gestion_de_mantenimiento_de_unidades_G.doc,Tráfico,POT-18_Gestion_de_mantenimiento_de_unidades_G.doc,doc,POT-18,G,Vigente/por validar,89088,2025-08-05T15:57:18,c002fd73c61bb90170df13c3868124f75a5fa44e87cf6aa88b0770f6dc487437
Tráfico/Tráfico Bs As/En vigor/POT-18_Gestión_de_mantenimiento_de_unidades_F.doc,Tráfico,POT-18_Gestión_de_mantenimiento_de_unidades_F.doc,doc,POT-18,F,Vigente/por validar,88576,2025-08-05T15:57:09,80cc572448a7a8e1d790247df0398edf0dd2a81f24a7f3640f768720906290d4
Tráfico/Tráfico Bs As/En vigor/POT-23_Procedimiento_de_Transportistas_Dentro_de_Planta_D.doc,Tráfico,POT-23_Procedimiento_de_Transportistas_Dentro_de_Planta_D.doc,doc,POT-23,D,Vigente/por validar,64000,2025-08-05T15:57:08,985ed01e444814022c052cb4b0cc7a3e97c03dedc87d16478765361b55ff3193
Tráfico/Tráfico Bs As/En vigor/POT-26_Asignacion_de_viajes_E_2_.doc,Tráfico,POT-26_Asignacion_de_viajes_E_2_.doc,doc,POT-26,E,Vigente/por validar,61952,2025-08-05T15:57:16,20917bd35c6e1018bd6c18073339a50282080adaae201880d8dac4181be289e7
Tráfico/Tráfico Bs As/En vigor/POT-29_Procedimiento_Operativo_y_Administrativo_para_viajes_Acindar_Ferrosider_Loginter-Fepa_C.doc,Tráfico,POT-29_Procedimiento_Operativo_y_Administrativo_para_viajes_Acindar_Ferrosider_Loginter-Fepa_C.doc,doc,POT-29,Y,Vigente/por validar,75264,2025-08-05T15:56:41,10c1cff7b28f55cb83a4398ccc94897e0c48e485aa51d17a35613a87f2e2a8ea
Tráfico/Tráfico Bs As/En vigor/Registro_de_unidades.xlsx,Tráfico,Registro_de_unidades.xlsx,xlsx,REGISTRO,,Vigente/por validar,105491,2025-08-05T15:56:40,fab09769ad2ddaf3bc45807f88870745893b65070ac3b6635b45eaca191bc71b
Tráfico/Tráfico CBA/En vigor/ANEXO_4-A.-_Hoja_de_procesos_-_Proceso_de_Seguimiento_Satelital_de_Unidades_DADA(1).xlsx,Tráfico,ANEXO_4-A.-_Hoja_de_procesos_-_Proceso_de_Seguimiento_Satelital_de_Unidades_DADA(1).xlsx,xlsx,ANEXO,A,Vigente/por validar,745290,2025-08-05T15:57:16,d99854b7a1cc202626ec725d991706fa907720e1673b2e2b36082cc930ad409c
Tráfico/Tráfico CBA/En vigor/ANEXO_POT-12-1.-_Hoja_de_procesos_-_Proceso_de_Seguimiento_Satelital_de_Unidades_DADA(1).xlsx,Tráfico,ANEXO_POT-12-1.-_Hoja_de_procesos_-_Proceso_de_Seguimiento_Satelital_de_Unidades_DADA(1).xlsx,xlsx,ANEXO,,Vigente/por validar,1487715,2025-08-05T15:56:53,2b986790d1423183bf60a06ab3b26fc329ba9f0cf403051c55355ab21efc8b32
Tráfico/Tráfico CBA/En vigor/ANEXO_POT-18-1-_Plan_de_Mantenimiento_Unidades_DADA(1).xlsx,Tráfico,ANEXO_POT-18-1-_Plan_de_Mantenimiento_Unidades_DADA(1).xlsx,xlsx,ANEXO,,Vigente/por validar,51516,2025-08-05T15:56:39,68b29402ebc1745d6ba6fff914b9b3755215975a5cd2fc44628a90baa6b07cd7
Tráfico/Tráfico CBA/En vigor/ANEXO_POT-18-2-_Programa_de_mantenimiento_de_unidades(1).xlsx,Tráfico,ANEXO_POT-18-2-_Programa_de_mantenimiento_de_unidades(1).xlsx,xlsx,ANEXO,,Vigente/por validar,39768,2025-08-05T15:56:41,8bee8c91c1f07a5dba2234006e9c1767cd76c72ff8528255e9e443ae4593766e
Tráfico/Tráfico CBA/En vigor/ANEXO_POT-18-3-_Hoja_de_Procesos_-_Limpieza_y_desinfección(1).xls,Tráfico,ANEXO_POT-18-3-_Hoja_de_Procesos_-_Limpieza_y_desinfección(1).xls,xls,ANEXO,Y,Vigente/por validar,117248,2025-08-05T15:56:38,5781461de176143ed1cf9107778762d2cecc0c4b129f2da4a483f5f7f624b4a0
Tráfico/Tráfico CBA/En vigor/ANEXO_POT-26-1-_Planilla_de_seguimiento_diario(1)(1).xlsx,Tráfico,ANEXO_POT-26-1-_Planilla_de_seguimiento_diario(1)(1).xlsx,xlsx,ANEXO,,Vigente/por validar,285546,2025-08-05T15:57:02,799118ab01f68b889ba2d6a30c564b4ec1e591320873e20e7efd972d76749bf8
Tráfico/Tráfico CBA/En vigor/Anexo_POT-07-1.-_Ayuda_visual_EPP(1).xlsx,Tráfico,Anexo_POT-07-1.-_Ayuda_visual_EPP(1).xlsx,xlsx,ANEXO,,Vigente/por validar,124547,2025-08-05T15:57:03,d6325a3a73dc016068ea2dadb255e3ee2a404ab962fa44f813f604dfc347ae86
Tráfico/Tráfico CBA/En vigor/Copia_de_Parte_Diario_Seguimiento.xlsx,Tráfico,Copia_de_Parte_Diario_Seguimiento.xlsx,xlsx,COPIA,,Vigente/por validar,1484765,2025-08-05T15:57:36,23987d7940f57d9e9119c1c10fdb5f6e76933c20732fbd236a5ae40593c7e58a
Tráfico/Tráfico CBA/En vigor/FTC-002_Checklist_Unidades_2_.xlsx,Tráfico,FTC-002_Checklist_Unidades_2_.xlsx,xlsx,FTC-002,,Vigente/por validar,26000,2025-08-05T15:57:25,4b304e9ee521a9cca66f32a65f5e26e8f365e59d9e6508353aad2cc530fa93c4
Tráfico/Tráfico CBA/En vigor/FTC-005_Oct2023.xlsx,Tráfico,FTC-005_Oct2023.xlsx,xlsx,FTC-005,,Vigente/por validar,66050,2025-08-05T15:57:32,c33c62b1ad145d869cf3613e9b16d2351cd6a5a639fda4919e75252a860a7db5
Tráfico/Tráfico CBA/En vigor/FTC-006_TMS_Viajes_Multicliente_Sin_Ruta.xlsm,Tráfico,FTC-006_TMS_Viajes_Multicliente_Sin_Ruta.xlsm,xlsm,FTC-006,,Vigente/por validar,27601,2025-08-05T15:57:26,56668a6125096140dbdb43564feabaaf8a0f32c8927df934f01d979edbd248fc
Tráfico/Tráfico CBA/En vigor/POT-03_Procedimiento_de_carga_y_descarga_E(1).doc,Tráfico,POT-03_Procedimiento_de_carga_y_descarga_E(1).doc,doc,POT-03,Y,Vigente/por validar,74752,2025-08-05T15:57:06,5459f897a1b5b14d024d7eb0afd38f27942801a2089636afecb355afa80d5494
Tráfico/Tráfico CBA/En vigor/POT-04_C.-_Procedimiento_de_seguimiento_diario_de_unidades_y_registro_de_datos(1).docx,Tráfico,POT-04_C.-_Procedimiento_de_seguimiento_diario_de_unidades_y_registro_de_datos(1).docx,docx,POT-04,C,Vigente/por validar,69914,2025-08-05T15:57:19,753c0f87cdbd7ad3ea8e4ed7a2f3732bd65d1c45b3e18d992435220205e000dd
Tráfico/Tráfico CBA/En vigor/POT-07_Procedimiento_de_Capacitacion_de_Transportistas_D(1).doc,Tráfico,POT-07_Procedimiento_de_Capacitacion_de_Transportistas_D(1).doc,doc,POT-07,D,Vigente/por validar,160768,2025-08-05T15:57:03,4089f2d25ea4388f595488e603bcc7a5e079999a7e81d47b60a53b12f2c52b40
Tráfico/Tráfico CBA/En vigor/POT-12_E-_Procedimiento_de_Seguimiento_Satelital_de_unidades_de_DADA(1).doc,Tráfico,POT-12_E-_Procedimiento_de_Seguimiento_Satelital_de_unidades_de_DADA(1).doc,doc,POT-12,E,Vigente/por validar,80896,2025-08-05T15:56:44,6d09bb2fe8598c1ea1748e98eee90e94295d2175a0654f3d412b684c3b32dcf1
Tráfico/Tráfico CBA/En vigor/POT-18_Gestión_de_mantenimiento_de_unidades_F(1).doc,Tráfico,POT-18_Gestión_de_mantenimiento_de_unidades_F(1).doc,doc,POT-18,F,Vigente/por validar,88576,2025-08-05T15:56:43,80cc572448a7a8e1d790247df0398edf0dd2a81f24a7f3640f768720906290d4
Tráfico/Tráfico CBA/En vigor/POT-26_Asignacion_de_viajes_D(1)(1).doc,Tráfico,POT-26_Asignacion_de_viajes_D(1)(1).doc,doc,POT-26,D,Vigente/por validar,55808,2025-08-05T15:56:38,7ff6c83901fd8ef844fa7cf09cbe8417f0796be759a3bdd909ed6d9c6c45a35c
Tráfico/Tráfico CBA/En vigor/Procedemiento_trafico_.docx,Tráfico,Procedemiento_trafico_.docx,docx,PROCEDEM,,Vigente/por validar,26176,2025-08-05T15:57:20,1591f6b513467e37c2947bb5a0f3d6be57c3918e683a7e4afcffe84bd5ebf1bd
Tráfico/Tráfico CBA/En vigor/ext-FTC-007_R-INDU-SS-HS-023_4.000_(N).xlsx,Tráfico,ext-FTC-007_R-INDU-SS-HS-023_4.000_(N).xlsx,xlsx,EXT-FTC-007,R,Vigente/por validar,91612,2025-08-05T15:57:08,4163e537fc95d219bb7d1f0ced980735e04e8f90334c5bc0246c9b79c0b0b348
Tráfico - Contrataciones/En Vigor/ANEXO_POT_20-1_REGISTRO_DE_UNIDADES.xlsx,Tráfico - Contrataciones,ANEXO_POT_20-1_REGISTRO_DE_UNIDADES.xlsx,xlsx,ANEXO,,Vigente/por validar,775771,2025-08-05T15:55:55,4b069533b0a3136a5402c99c6aec88259a3e59c0a6e53b6339f313dcc0b36cd0
Tráfico - Contrataciones/En Vigor/OBSOLETOS/ANEXO_POT-11.-_Hoja_de_procesos_-_Proceso_de_Choferes_DADA(1)(1) (1).xlsx,Tráfico - Contrataciones,ANEXO_POT-11.-_Hoja_de_procesos_-_Proceso_de_Choferes_DADA(1)(1) (1).xlsx,xlsx,ANEXO,,Obsoleto,905695,2025-08-05T15:55:32,4f9c1403fdcad9a50808dba050c0f3481c30f9b7055799264c74683c9b96c127
Tráfico - Contrataciones/En Vigor/OBSOLETOS/ANEXO_POT-11.-_Hoja_de_procesos_-_Proceso_de_Choferes_DADA(1)(1).xlsx,Tráfico - Contrataciones,ANEXO_POT-11.-_Hoja_de_procesos_-_Proceso_de_Choferes_DADA(1)(1).xlsx,xlsx,ANEXO,,Obsoleto,905695,2025-08-05T15:55:34,4f9c1403fdcad9a50808dba050c0f3481c30f9b7055799264c74683c9b96c127
Tráfico - Contrataciones/En Vigor/OBSOLETOS/ANEXO_POT-14-1.-_ALTA_DEL_TRANSPORTISTA..xlsx,Tráfico - Contrataciones,ANEXO_POT-14-1.-_ALTA_DEL_TRANSPORTISTA..xlsx,xlsx,ANEXO,,Obsoleto,110385,2025-08-05T15:55:50,9ecbc135d6c0e5412abaaf69a0f5fa97e05b79ccc36e2ef7dd37e837fba6d872
Tráfico - Contrataciones/En Vigor/OBSOLETOS/ANEXO_POT-18-1.-_SOLICITUD_DE_SERVICIO_DE_TRANSPORTE.xlsx,Tráfico - Contrataciones,ANEXO_POT-18-1.-_SOLICITUD_DE_SERVICIO_DE_TRANSPORTE.xlsx,xlsx,ANEXO,,Obsoleto,65848,2025-08-05T15:55:39,aa6d3abc75c5ebce941fa816b5d218fb25934b2507c4f11bdaa1a94a4bf7d741
Tráfico - Contrataciones/En Vigor/OBSOLETOS/ANEXO_POT-18-3.-_INDICADOR_DE_RIESGO.xlsx,Tráfico - Contrataciones,ANEXO_POT-18-3.-_INDICADOR_DE_RIESGO.xlsx,xlsx,ANEXO,,Obsoleto,125768,2025-08-05T15:55:39,23e95347c89cc2612ec85f908a0b2184e90d6c227602d6dfbbf20518a9d9a104
Tráfico - Contrataciones/En Vigor/OBSOLETOS/ANEXO_POT-18-4.-_SOLICITUD_DE_SERVICIO_DE_TRANSPORTE_PARA_PROVEEDORES.xlsx,Tráfico - Contrataciones,ANEXO_POT-18-4.-_SOLICITUD_DE_SERVICIO_DE_TRANSPORTE_PARA_PROVEEDORES.xlsx,xlsx,ANEXO,,Obsoleto,49095,2025-08-05T15:55:46,cc9724d485fba5a4cb0ad054f175263410cd9368285f9c261b3706b7333e087f
Tráfico - Contrataciones/En Vigor/OBSOLETOS/ANEXO_POT-18-6-_EVALUACION_PROVEEDORES_2020.xls,Tráfico - Contrataciones,ANEXO_POT-18-6-_EVALUACION_PROVEEDORES_2020.xls,xls,ANEXO,,Obsoleto,995840,2025-08-05T15:55:38,e8bdf83eb0f19e941079a0130d51611171ba174c85a6d622da7b8dec30eac71a
Tráfico - Contrataciones/En Vigor/OBSOLETOS/ANEXO_POT-18.5.-Carta_de_Oferta_Dada.docx,Tráfico - Contrataciones,ANEXO_POT-18.5.-Carta_de_Oferta_Dada.docx,docx,ANEXO,,Obsoleto,56453,2025-08-05T15:55:36,b94ffb7f42d4d4ed7ebefc6928287c13839656b84ec22919df16762a4d704194
Tráfico - Contrataciones/En Vigor/OBSOLETOS/ANEXO_POT-19-2.-_SEMAFORO_VENCIMIENTOS (1).xlsx,Tráfico - Contrataciones,ANEXO_POT-19-2.-_SEMAFORO_VENCIMIENTOS (1).xlsx,xlsx,ANEXO,,Obsoleto,710690,2025-08-05T15:55:56,0e160e00adf60385a7db6b316e2db8bbb1f4a331c3b08d942be362891e6bc973
Tráfico - Contrataciones/En Vigor/OBSOLETOS/ANEXO_POT-19-2.-_SEMAFORO_VENCIMIENTOS.xlsx,Tráfico - Contrataciones,ANEXO_POT-19-2.-_SEMAFORO_VENCIMIENTOS.xlsx,xlsx,ANEXO,,Obsoleto,710690,2025-08-05T15:55:56,0e160e00adf60385a7db6b316e2db8bbb1f4a331c3b08d942be362891e6bc973
Tráfico - Contrataciones/En Vigor/OBSOLETOS/Anexo_POT-07-1.-_Ayuda_visual_EPP.xlsx,Tráfico - Contrataciones,Anexo_POT-07-1.-_Ayuda_visual_EPP.xlsx,xlsx,ANEXO,,Obsoleto,124547,2025-08-05T15:55:49,d6325a3a73dc016068ea2dadb255e3ee2a404ab962fa44f813f604dfc347ae86
Tráfico - Contrataciones/En Vigor/OBSOLETOS/Anexo_POT_18-2._Planilla_Alta_proveedores.docx,Tráfico - Contrataciones,Anexo_POT_18-2._Planilla_Alta_proveedores.docx,docx,ANEXO,,Obsoleto,92254,2025-08-05T15:55:42,b1f62bb628395821650023b22c7dfca93f1d0b97b0b3fa99016e15d1029785e7
Tráfico - Contrataciones/En Vigor/OBSOLETOS/POT-02.F_Documentación_y_requisitos_para_transportistas.doc,Tráfico - Contrataciones,POT-02.F_Documentación_y_requisitos_para_transportistas.doc,doc,POT-02,Y,Obsoleto,116736,2025-08-05T15:55:39,17c798c25382ff30ef1395b5c2d4989a737fe2f04dea49deeaf01e623dc12500
Tráfico - Contrataciones/En Vigor/OBSOLETOS/POT-07_Procedimiento_de_Capacitacion_de_Transportistas_D.doc,Tráfico - Contrataciones,POT-07_Procedimiento_de_Capacitacion_de_Transportistas_D.doc,doc,POT-07,D,Obsoleto,160768,2025-08-05T15:55:42,4089f2d25ea4388f595488e603bcc7a5e079999a7e81d47b60a53b12f2c52b40
Tráfico - Contrataciones/En Vigor/OBSOLETOS/POT-07_Procedimiento_de_Responsabilidades_de_Transportistas_E.doc,Tráfico - Contrataciones,POT-07_Procedimiento_de_Responsabilidades_de_Transportistas_E.doc,doc,POT-07,E,Obsoleto,162816,2025-08-05T15:55:34,dc880861bf595de56103c8113dd91118d1269a7c1d278abe6d6b01347897f461
Tráfico - Contrataciones/En Vigor/OBSOLETOS/POT-14_Control.doc,Tráfico - Contrataciones,POT-14_Control.doc,doc,POT-14,,Obsoleto,84480,2025-08-05T15:55:40,b603362e5733ec865d69ce11aefc105fd48c30166758da5b4b6cc05b00e523c3
Tráfico - Contrataciones/En Vigor/OBSOLETOS/POT-20.-Checklist_de__Salida__Diaria.xlsx,Tráfico - Contrataciones,POT-20.-Checklist_de__Salida__Diaria.xlsx,xlsx,POT-20,,Obsoleto,21539,2025-08-05T15:55:26,4247fb90c684bb8da5f0ec7a5aa2ee3f529e5d248444413cc470069285cfee29
Tráfico - Contrataciones/En Vigor/OBSOLETOS/POT-21.-Seguimiento_de_reclamo_de_proveedores.xlsx,Tráfico - Contrataciones,POT-21.-Seguimiento_de_reclamo_de_proveedores.xlsx,xlsx,POT-21,,Obsoleto,83114,2025-08-05T15:55:28,e7e56d26145ab164e55c1bde8517cca06360ba8007d6eb3740984a307183efd5
Tráfico - Contrataciones/En Vigor/OBSOLETOS/POT_-_22_Flujograma_crontrataciones.xlsx,Tráfico - Contrataciones,POT_-_22_Flujograma_crontrataciones.xlsx,xlsx,POT,,Obsoleto,42571,2025-08-05T15:55:51,b4b25cf342b44916ed021b02fc0a3a5251e209a82e23ee7f239e0d6013a488da
Tráfico - Contrataciones/En Vigor/OBSOLETOS/POT_-_24_Indicador_Documentación.xlsx,Tráfico - Contrataciones,POT_-_24_Indicador_Documentación.xlsx,xlsx,POT,,Obsoleto,37206,2025-08-05T15:55:52,b4db6ed4cc1d75c0b5314d4a38b9219b86cd297261760491ef3597149a514fb6
Tráfico - Contrataciones/En Vigor/OBSOLETOS/POT_-_25_Polivalencias.xlsx,Tráfico - Contrataciones,POT_-_25_Polivalencias.xlsx,xlsx,POT,,Obsoleto,54640,2025-08-05T15:55:52,3332002d34c5611204a223b02b423d84a02f9c0216e099744a4aad829faceae6
Tráfico - Contrataciones/En Vigor/OBSOLETOS/POT_-_26_Analisis_FODA.xlsx,Tráfico - Contrataciones,POT_-_26_Analisis_FODA.xlsx,xlsx,POT,,Obsoleto,86240,2025-08-05T15:55:52,18411c4317997df3cc7d7eebb12462afad0b9c3497b0cea85caa5c080b485d1b
Tráfico - Contrataciones/Politica.Calidad (4).pdf,Tráfico - Contrataciones,Politica.Calidad (4).pdf,pdf,POLITICA,,Vigente/por validar,92930,2022-11-10T14:20:06,04fd5c40294b46220e771f4b7733e5a73d6acdb0a328afba451bbea368243293
Tráfico - Contrataciones/Thumbs.db,Tráfico - Contrataciones,Thumbs.db,db,THUMBS,,Vigente/por validar,13824,2025-11-14T15:32:19,c5bfe8e5d4eb26f8743391a674356806e863c9e3571442dcf3c80a1e4cf0054b
catalogar.py,(raíz),catalogar.py,py,CATALOGA,,Vigente/por validar,1338,2026-08-19T14:57:22,ee84884024d8f455a5031211a6c2a3e6c2fa81c6f18aefc75c397a60647363d1
catalogo_documentos.json,(raíz),catalogo_documentos.json,json,CATALOGO,,Vigente/por validar,221908,2026-08-19T14:57:32,41f2e76c37d61564f6b0c1f0485a13a205f88e60334e1780deab9dac7c579d17
read_maestro.py,(raíz),read_maestro.py,py,READ,,Vigente/por validar,262,2026-08-19T14:56:29,08ad48f8c917d4fe57c13ac2e843f1117fd6515a8a36294543b1981e08c15a29
read_maestro2.py,(raíz),read_maestro2.py,py,READ,,Vigente/por validar,419,2026-08-19T14:56:52,8a70cb61a52cb71c71fa02ddb66b607f24be65f3635ecfea8a988cec50031933
sistemas/Manual Mobile.pdf,sistemas,Manual Mobile.pdf,pdf,MANUAL,,Vigente/por validar,2640287,2025-10-08T13:11:54,3838561dc1ac572df38b4d78560d246ad3aa9ee653e7f38dfcdfe1f44f34f1e7
sistemas/Thumbs.db,sistemas,Thumbs.db,db,THUMBS,,Vigente/por validar,11264,2025-11-04T13:11:15,192d116f81b623c028f7b0f9b3b4bf1870723ad9995f5829af01bbcb1e9114fa
